{
    "__comment": "JimStoneCraft - 2015",
    "variants": {
        "contents=empty": [
                   { "model": "flower_pot" },
                   { "model": "flower_pot1" },
                   { "model": "flower_pot2" },
                   { "model": "flower_pot3" }
              ],
        "contents=rose": [
                   { "model": "flower_pot_rose_pot" },
                   { "model": "flower_pot_rose_pot1" },
                   { "model": "flower_pot_rose_pot2" },
                   { "model": "flower_pot_rose_pot3" },
                   { "model": "flower_pot_rose_pot4" }
              ],
        "contents=dandelion": [
                   { "model": "flower_pot_dandelion_pot" },
                   { "model": "flower_pot_dandelion_pot1" },
                   { "model": "flower_pot_dandelion_pot2" },
                   { "model": "flower_pot_dandelion_pot3" },
                   { "model": "flower_pot_dandelion_pot4" },
                   { "model": "flower_pot_dandelion_pot5" }
              ]
    }
}
