{
"__comment": "Designed by Cookies160 with BDcraft Cubik PRO 0.85 Beta - http://bdcraft.net",
"ambientocclusion": false,
"textures": {
    "particle": "mcpatcher/ctm/monster_spawner/2",
    "texture": "mcpatcher/ctm/monster_spawner/2"
},
"elements": [ 
{
    "__comment": "Top",
    "from": [ 10, 15.5, 13 ],
    "to": [ 13, 16, 14 ],
    "faces": {
        "down":  { "uv": [ 6, 14, 3, 13 ], "texture": "#texture" },
        "up":    { "uv": [ 10, 13, 13, 14 ], "texture": "#texture", "cullface": "up" },
        "north": { "uv": [ 3, 0, 6, 0.5 ], "texture": "#texture" },
        "south": { "uv": [ 10, 0, 13, 0.5 ], "texture": "#texture" }
    }
},
{
    "__comment": "Top",
    "from": [ 6, 15.5, 13 ],
    "to": [ 10, 16, 14 ],
    "faces": {
        "down":  { "uv": [ 10, 14, 6, 13 ], "texture": "#texture" },
        "up":    { "uv": [ 6, 13, 10, 14 ], "texture": "#texture", "cullface": "up" },
        "north": { "uv": [ 6, 0, 10, 0.5 ], "texture": "#texture" },
        "south": { "uv": [ 6, 0, 10, 0.5 ], "texture": "#texture" }
    }
},
{
    "__comment": "Top",
    "from": [ 6, 15.5, 10 ],
    "to": [ 10, 16, 11 ],
    "faces": {
        "down":  { "uv": [ 10, 11, 6, 10 ], "texture": "#texture" },
        "up":    { "uv": [ 6, 10, 10, 11 ], "texture": "#texture", "cullface": "up" },
        "north": { "uv": [ 6, 0, 10, 0.5 ], "texture": "#texture" },
        "south": { "uv": [ 6, 0, 10, 0.5 ], "texture": "#texture" }
    }
},
{
    "__comment": "Top",
    "from": [ 6, 15.5, 5 ],
    "to": [ 10, 16, 6 ],
    "faces": {
        "down":  { "uv": [ 10, 6, 6, 5 ], "texture": "#texture" },
        "up":    { "uv": [ 6, 5, 10, 6 ], "texture": "#texture", "cullface": "up" },
        "north": { "uv": [ 6, 0, 10, 0.5 ], "texture": "#texture" },
        "south": { "uv": [ 6, 0, 10, 0.5 ], "texture": "#texture" }
    }
},
{
    "__comment": "Top",
    "from": [ 6, 15.5, 2 ],
    "to": [ 10, 16, 3 ],
    "faces": {
        "down":  { "uv": [ 10, 3, 6, 2 ], "texture": "#texture" },
        "up":    { "uv": [ 6, 2, 10, 3 ], "texture": "#texture", "cullface": "up" },
        "north": { "uv": [ 6, 0, 10, 0.5 ], "texture": "#texture" },
        "south": { "uv": [ 6, 0, 10, 0.5 ], "texture": "#texture" }
    }
},
{
    "__comment": "Top",
    "from": [ 10, 15.5, 9 ],
    "to": [ 13, 16, 10 ],
    "faces": {
        "down":  { "uv": [ 6, 10, 3, 9 ], "texture": "#texture" },
        "up":    { "uv": [ 10, 9, 13, 10 ], "texture": "#texture", "cullface": "up" },
        "north": { "uv": [ 3, 0, 6, 0.5 ], "texture": "#texture" },
        "south": { "uv": [ 10, 0, 13, 0.5 ], "texture": "#texture" }
    }
},
{
    "__comment": "Top",
    "from": [ 10, 15.5, 6 ],
    "to": [ 13, 16, 7 ],
    "faces": {
        "down":  { "uv": [ 6, 7, 3, 6 ], "texture": "#texture" },
        "up":    { "uv": [ 10, 6, 13, 7 ], "texture": "#texture", "cullface": "up" },
        "north": { "uv": [ 3, 0, 6, 0.5 ], "texture": "#texture" },
        "south": { "uv": [ 10, 0, 13, 0.5 ], "texture": "#texture" }
    }
},
{
    "__comment": "Top",
    "from": [ 9, 15.5, 1 ],
    "to": [ 10, 16, 6 ],
    "faces": {
        "down":  { "uv": [ 7, 6, 6, 1 ], "texture": "#texture" },
        "up":    { "uv": [ 9, 1, 10, 6 ], "texture": "#texture", "cullface": "up" },
        "west":  { "uv": [ 1, 0, 6, 0.5 ], "texture": "#texture" },
        "east":  { "uv": [ 10, 0, 15, 0.5 ], "texture": "#texture" }
    }
},
{
    "__comment": "Top",
    "from": [ 10, 15.5, 2 ],
    "to": [ 13, 16, 3 ],
    "faces": {
        "down":  { "uv": [ 6, 3, 3, 2 ], "texture": "#texture" },
        "up":    { "uv": [ 10, 2, 13, 3 ], "texture": "#texture", "cullface": "up" },
        "north": { "uv": [ 3, 0, 6, 0.5 ], "texture": "#texture" },
        "south": { "uv": [ 10, 0, 13, 0.5 ], "texture": "#texture" }
    }
},
{
    "__comment": "Top",
    "from": [ 3, 15.5, 13 ],
    "to": [ 6, 16, 14 ],
    "faces": {
        "down":  { "uv": [ 13, 14, 10, 13 ], "texture": "#texture" },
        "up":    { "uv": [ 3, 13, 6, 14 ], "texture": "#texture", "cullface": "up" },
        "north": { "uv": [ 10, 0, 13, 0.5 ], "texture": "#texture" },
        "south": { "uv": [ 3, 0, 6, 0.5 ], "texture": "#texture" }
    }
},
{
    "__comment": "Top",
    "from": [ 3, 15.5, 9 ],
    "to": [ 6, 16, 10 ],
    "faces": {
        "down":  { "uv": [ 13, 10, 10, 9 ], "texture": "#texture" },
        "up":    { "uv": [ 3, 9, 6, 10 ], "texture": "#texture", "cullface": "up" },
        "north": { "uv": [ 10, 0, 13, 0.5 ], "texture": "#texture" },
        "south": { "uv": [ 3, 0, 6, 0.5 ], "texture": "#texture" }
    }
},
{
    "__comment": "Top",
    "from": [ 3, 15.5, 6 ],
    "to": [ 6, 16, 7 ],
    "faces": {
        "down":  { "uv": [ 13, 7, 10, 6 ], "texture": "#texture" },
        "up":    { "uv": [ 3, 6, 6, 7 ], "texture": "#texture", "cullface": "up" },
        "north": { "uv": [ 10, 0, 13, 0.5 ], "texture": "#texture" },
        "south": { "uv": [ 3, 0, 6, 0.5 ], "texture": "#texture" }
    }
},
{
    "__comment": "Top",
    "from": [ 3, 15.5, 2 ],
    "to": [ 6, 16, 3 ],
    "faces": {
        "down":  { "uv": [ 13, 3, 10, 2 ], "texture": "#texture" },
        "up":    { "uv": [ 3, 2, 6, 3 ], "texture": "#texture", "cullface": "up" },
        "north": { "uv": [ 10, 0, 13, 0.5 ], "texture": "#texture" },
        "south": { "uv": [ 3, 0, 6, 0.5 ], "texture": "#texture" }
    }
},
{
    "__comment": "Top",
    "from": [ 14, 15.5, 13 ],
    "to": [ 15, 16, 14 ],
    "faces": {
        "down":  { "uv": [ 2, 14, 1, 13 ], "texture": "#texture" },
        "up":    { "uv": [ 14, 13, 15, 14 ], "texture": "#texture", "cullface": "up" },
        "north": { "uv": [ 1, 0, 2, 0.5 ], "texture": "#texture" },
        "south": { "uv": [ 14, 0, 15, 0.5 ], "texture": "#texture" }
    }
},
{
    "__comment": "Top",
    "from": [ 14, 15.5, 9 ],
    "to": [ 15, 16, 10 ],
    "faces": {
        "down":  { "uv": [ 2, 10, 1, 9 ], "texture": "#texture" },
        "up":    { "uv": [ 14, 9, 15, 10 ], "texture": "#texture", "cullface": "up" },
        "north": { "uv": [ 1, 0, 2, 0.5 ], "texture": "#texture" },
        "south": { "uv": [ 14, 0, 15, 0.5 ], "texture": "#texture" }
    }
},
{
    "__comment": "Top",
    "from": [ 14, 15.5, 6 ],
    "to": [ 15, 16, 7 ],
    "faces": {
        "down":  { "uv": [ 2, 7, 1, 6 ], "texture": "#texture" },
        "up":    { "uv": [ 14, 6, 15, 7 ], "texture": "#texture", "cullface": "up" },
        "north": { "uv": [ 1, 0, 2, 0.5 ], "texture": "#texture" },
        "south": { "uv": [ 14, 0, 15, 0.5 ], "texture": "#texture" }
    }
},
{
    "__comment": "Top",
    "from": [ 14, 15.5, 2 ],
    "to": [ 15, 16, 3 ],
    "faces": {
        "down":  { "uv": [ 2, 3, 1, 2 ], "texture": "#texture" },
        "up":    { "uv": [ 14, 2, 15, 3 ], "texture": "#texture", "cullface": "up" },
        "north": { "uv": [ 1, 0, 2, 0.5 ], "texture": "#texture" },
        "south": { "uv": [ 14, 0, 15, 0.5 ], "texture": "#texture" }
    }
},
{
    "__comment": "Top",
    "from": [ 9, 15.5, 1 ],
    "to": [ 10, 16, 6 ],
    "faces": {
        "down":  { "uv": [ 7, 6, 6, 1 ], "texture": "#texture" },
        "up":    { "uv": [ 9, 1, 10, 6 ], "texture": "#texture", "cullface": "up" },
        "west":  { "uv": [ 1, 0, 6, 0.5 ], "texture": "#texture" },
        "east":  { "uv": [ 10, 0, 15, 0.5 ], "texture": "#texture" }
    }
},
{
    "__comment": "Top",
    "from": [ 13, 15.5, 1 ],
    "to": [ 14, 16, 15 ],
    "faces": {
        "down":  { "uv": [ 3, 15, 2, 1 ], "texture": "#texture" },
        "up":    { "uv": [ 13, 1, 14, 15 ], "texture": "#texture", "cullface": "up" },
        "west":  { "uv": [ 1, 0, 15, 0.5 ], "texture": "#texture" },
        "east":  { "uv": [ 1, 0, 15, 0.5 ], "texture": "#texture" }
    }
},
{
    "__comment": "Top",
    "from": [ 6, 15.5, 1 ],
    "to": [ 7, 16, 6 ],
    "faces": {
        "down":  { "uv": [ 10, 6, 9, 1 ], "texture": "#texture" },
        "up":    { "uv": [ 6, 1, 7, 6 ], "texture": "#texture", "cullface": "up" },
        "west":  { "uv": [ 1, 0, 6, 0.5 ], "texture": "#texture" },
        "east":  { "uv": [ 10, 0, 15, 0.5 ], "texture": "#texture" }
    }
},
{
    "__comment": "Top",
    "from": [ 1, 15.5, 9 ],
    "to": [ 2, 16, 10 ],
    "faces": {
        "down":  { "uv": [ 15, 10, 14, 9 ], "texture": "#texture" },
        "up":    { "uv": [ 1, 9, 2, 10 ], "texture": "#texture", "cullface": "up" },
        "north": { "uv": [ 14, 0, 15, 0.5 ], "texture": "#texture" },
        "south": { "uv": [ 1, 0, 2, 0.5 ], "texture": "#texture" }
    }
},
{
    "__comment": "Top",
    "from": [ 1, 15.5, 13 ],
    "to": [ 2, 16, 14 ],
    "faces": {
        "down":  { "uv": [ 15, 14, 14, 13 ], "texture": "#texture" },
        "up":    { "uv": [ 1, 13, 2, 14 ], "texture": "#texture", "cullface": "up" },
        "north": { "uv": [ 14, 0, 15, 0.5 ], "texture": "#texture" },
        "south": { "uv": [ 1, 0, 2, 0.5 ], "texture": "#texture" }
    }
},
{
    "__comment": "Top",
    "from": [ 1, 15.5, 6 ],
    "to": [ 2, 16, 7 ],
    "faces": {
        "down":  { "uv": [ 15, 7, 14, 6 ], "texture": "#texture" },
        "up":    { "uv": [ 1, 6, 2, 7 ], "texture": "#texture", "cullface": "up" },
        "north": { "uv": [ 14, 0, 15, 0.5 ], "texture": "#texture" },
        "south": { "uv": [ 1, 0, 2, 0.5 ], "texture": "#texture" }
    }
},
{
    "__comment": "Top",
    "from": [ 2, 15.5, 1 ],
    "to": [ 3, 16, 15 ],
    "faces": {
        "down":  { "uv": [ 14, 15, 13, 1 ], "texture": "#texture" },
        "up":    { "uv": [ 2, 1, 3, 15 ], "texture": "#texture", "cullface": "up" },
        "west":  { "uv": [ 1, 0, 15, 0.5 ], "texture": "#texture" },
        "east":  { "uv": [ 1, 0, 15, 0.5 ], "texture": "#texture" }
    }
},
{
    "__comment": "Top",
    "from": [ 1, 15.5, 2 ],
    "to": [ 2, 16, 3 ],
    "faces": {
        "down":  { "uv": [ 15, 3, 14, 2 ], "texture": "#texture" },
        "up":    { "uv": [ 1, 2, 2, 3 ], "texture": "#texture", "cullface": "up" },
        "north": { "uv": [ 14, 0, 15, 0.5 ], "texture": "#texture" },
        "south": { "uv": [ 1, 0, 2, 0.5 ], "texture": "#texture" }
    }
},
{
    "__comment": "Top",
    "from": [ 15, 15.5, 1 ],
    "to": [ 16, 16, 15 ],
    "faces": {
        "down":  { "uv": [ 1, 15, 0, 1 ], "texture": "#texture" },
        "up":    { "uv": [ 15, 1, 16, 15 ], "texture": "#texture", "cullface": "up" },
        "west":  { "uv": [ 1, 0, 15, 0.5 ], "texture": "#texture" },
        "east":  { "uv": [ 1, 0, 15, 0.5 ], "texture": "#texture", "cullface": "east" }
    }
},
{
    "__comment": "Top",
    "from": [ 0, 15.5, 1 ],
    "to": [ 1, 16, 15 ],
    "faces": {
        "down":  { "uv": [ 16, 15, 15, 1 ], "texture": "#texture" },
        "up":    { "uv": [ 0, 1, 1, 15 ], "texture": "#texture", "cullface": "up" },
        "west":  { "uv": [ 1, 0, 15, 0.5 ], "texture": "#texture", "cullface": "west" },
        "east":  { "uv": [ 1, 0, 15, 0.5 ], "texture": "#texture" }
    }
},
{
    "__comment": "Top",
    "from": [ 0, 15.5, 15 ],
    "to": [ 16, 16, 16 ],
    "faces": {
        "down":  { "uv": [ 16, 16, 0, 15 ], "texture": "#texture" },
        "up":    { "uv": [ 0, 15, 16, 16 ], "texture": "#texture", "cullface": "up" },
        "north": { "uv": [ 0, 0, 16, 0.5 ], "texture": "#texture" },
        "south": { "uv": [ 0, 0, 16, 0.5 ], "texture": "#texture", "cullface": "south" },
        "west":  { "uv": [ 15, 0, 16, 0.5 ], "texture": "#texture", "cullface": "west" },
        "east":  { "uv": [ 0, 0, 1, 0.5 ], "texture": "#texture", "cullface": "east" }
    }
},
{
    "__comment": "Top",
    "from": [ 0, 15.5, 0 ],
    "to": [ 16, 16, 1 ],
    "faces": {
        "down":  { "uv": [ 16, 1, 0, 0 ], "texture": "#texture" },
        "up":    { "uv": [ 0, 0, 16, 1 ], "texture": "#texture", "cullface": "up" },
        "north": { "uv": [ 0, 0, 16, 0.5 ], "texture": "#texture", "cullface": "north" },
        "south": { "uv": [ 0, 0, 16, 0.5 ], "texture": "#texture" },
        "west":  { "uv": [ 0, 0, 1, 0.5 ], "texture": "#texture", "cullface": "west" },
        "east":  { "uv": [ 15, 0, 16, 0.5 ], "texture": "#texture", "cullface": "east" }
    }
},
{
    "__comment": "Top",
    "from": [ 6, 15.5, 10 ],
    "to": [ 7, 16, 15 ],
    "faces": {
        "down":  { "uv": [ 10, 15, 9, 10 ], "texture": "#texture" },
        "up":    { "uv": [ 6, 10, 7, 15 ], "texture": "#texture", "cullface": "up" },
        "west":  { "uv": [ 10, 0, 15, 0.5 ], "texture": "#texture" },
        "east":  { "uv": [ 1, 0, 6, 0.5 ], "texture": "#texture" }
    }
},
{
    "__comment": "Top",
    "from": [ 9, 15.5, 10 ],
    "to": [ 10, 16, 15 ],
    "faces": {
        "down":  { "uv": [ 7, 15, 6, 10 ], "texture": "#texture" },
        "up":    { "uv": [ 9, 10, 10, 15 ], "texture": "#texture", "cullface": "up" },
        "west":  { "uv": [ 10, 0, 15, 0.5 ], "texture": "#texture" },
        "east":  { "uv": [ 1, 0, 6, 0.5 ], "texture": "#texture" }
    }
},
{
    "__comment": "Top",
    "from": [ 9, 15.5, 10 ],
    "to": [ 10, 16, 15 ],
    "faces": {
        "down":  { "uv": [ 7, 15, 6, 10 ], "texture": "#texture" },
        "up":    { "uv": [ 9, 10, 10, 15 ], "texture": "#texture", "cullface": "up" },
        "west":  { "uv": [ 10, 0, 15, 0.5 ], "texture": "#texture" },
        "east":  { "uv": [ 1, 0, 6, 0.5 ], "texture": "#texture" }
    }
},
{
    "__comment": "Top",
    "from": [ 5, 15.5, 6 ],
    "to": [ 6, 16, 10 ],
    "faces": {
        "down":  { "uv": [ 11, 10, 10, 6 ], "texture": "#texture" },
        "up":    { "uv": [ 5, 6, 6, 10 ], "texture": "#texture", "cullface": "up" }
    }
},
{
    "__comment": "Top",
    "from": [ 10, 15.5, 6 ],
    "to": [ 11, 16, 10 ],
    "faces": {
        "down":  { "uv": [ 6, 10, 5, 6 ], "texture": "#texture" },
        "up":    { "uv": [ 10, 6, 11, 10 ], "texture": "#texture", "cullface": "up" }
    }
},
{
    "__comment": "Top",
    "from": [ 5, 15.5, 5 ],
    "to": [ 6, 16, 6 ],
    "faces": {
        "down":  { "uv": [ 11, 6, 10, 5 ], "texture": "#texture" },
        "up":    { "uv": [ 5, 5, 6, 6 ], "texture": "#texture", "cullface": "up" },
        "north": { "uv": [ 10, 0, 11, 0.5 ], "texture": "#texture" }
    }
},
{
    "__comment": "Top",
    "from": [ 10, 15.5, 5 ],
    "to": [ 11, 16, 6 ],
    "faces": {
        "down":  { "uv": [ 6, 6, 5, 5 ], "texture": "#texture" },
        "up":    { "uv": [ 10, 5, 11, 6 ], "texture": "#texture", "cullface": "up" },
        "north": { "uv": [ 5, 0, 6, 0.5 ], "texture": "#texture" }
    }
},
{
    "__comment": "Top",
    "from": [ 10, 15.5, 10 ],
    "to": [ 11, 16, 11 ],
    "faces": {
        "down":  { "uv": [ 6, 11, 5, 10 ], "texture": "#texture" },
        "up":    { "uv": [ 10, 10, 11, 11 ], "texture": "#texture", "cullface": "up" },
        "south": { "uv": [ 10, 0, 11, 0.5 ], "texture": "#texture" }
    }
},
{
    "__comment": "Top",
    "from": [ 5, 15.5, 10 ],
    "to": [ 6, 16, 11 ],
    "faces": {
        "down":  { "uv": [ 11, 11, 10, 10 ], "texture": "#texture" },
        "up":    { "uv": [ 5, 10, 6, 11 ], "texture": "#texture", "cullface": "up" },
        "south": { "uv": [ 5, 0, 6, 0.5 ], "texture": "#texture" }
    }
},
{
    "__comment": "Bottom",
    "from": [ 10, 0, 2 ],
    "to": [ 13, 0.5, 3 ],
    "faces": {
        "down":  { "uv": [ 10, 13, 13, 14 ], "texture": "#texture" },
        "up":    { "uv": [ 6, 14, 3, 13 ], "texture": "#texture", "cullface": "up" },
        "north": { "uv": [ 10, 0, 13, 0.5 ], "rotation": 180, "texture": "#texture" },
        "south": { "uv": [ 3, 0, 6, 0.5 ], "rotation": 180, "texture": "#texture" }
    }
},
{
    "__comment": "Bottom",
    "from": [ 6, 0, 2 ],
    "to": [ 10, 0.5, 3 ],
    "faces": {
        "down":  { "uv": [ 6, 13, 10, 14 ], "texture": "#texture" },
        "up":    { "uv": [ 10, 14, 6, 13 ], "texture": "#texture", "cullface": "up" },
        "north": { "uv": [ 6, 0, 10, 0.5 ], "rotation": 180, "texture": "#texture" },
        "south": { "uv": [ 6, 0, 10, 0.5 ], "rotation": 180, "texture": "#texture" }
    }
},
{
    "__comment": "Bottom",
    "from": [ 6, 0, 5 ],
    "to": [ 10, 0.5, 6 ],
    "faces": {
        "down":  { "uv": [ 6, 10, 10, 11 ], "texture": "#texture" },
        "up":    { "uv": [ 10, 11, 6, 10 ], "texture": "#texture", "cullface": "up" },
        "north": { "uv": [ 6, 0, 10, 0.5 ], "rotation": 180, "texture": "#texture" },
        "south": { "uv": [ 6, 0, 10, 0.5 ], "rotation": 180, "texture": "#texture" }
    }
},
{
    "__comment": "Bottom",
    "from": [ 6, 0, 10 ],
    "to": [ 10, 0.5, 11 ],
    "faces": {
        "down":  { "uv": [ 6, 5, 10, 6 ], "texture": "#texture" },
        "up":    { "uv": [ 10, 6, 6, 5 ], "texture": "#texture", "cullface": "up" },
        "north": { "uv": [ 6, 0, 10, 0.5 ], "rotation": 180, "texture": "#texture" },
        "south": { "uv": [ 6, 0, 10, 0.5 ], "rotation": 180, "texture": "#texture" }
    }
},
{
    "__comment": "Bottom",
    "from": [ 6, 0, 13 ],
    "to": [ 10, 0.5, 14 ],
    "faces": {
        "down":  { "uv": [ 6, 2, 10, 3 ], "texture": "#texture" },
        "up":    { "uv": [ 10, 3, 6, 2 ], "texture": "#texture", "cullface": "up" },
        "north": { "uv": [ 6, 0, 10, 0.5 ], "rotation": 180, "texture": "#texture" },
        "south": { "uv": [ 6, 0, 10, 0.5 ], "rotation": 180, "texture": "#texture" }
    }
},
{
    "__comment": "Bottom",
    "from": [ 10, 0, 6 ],
    "to": [ 13, 0.5, 7 ],
    "faces": {
        "down":  { "uv": [ 10, 9, 13, 10 ], "texture": "#texture" },
        "up":    { "uv": [ 6, 10, 3, 9 ], "texture": "#texture", "cullface": "up" },
        "north": { "uv": [ 10, 0, 13, 0.5 ], "rotation": 180, "texture": "#texture" },
        "south": { "uv": [ 3, 0, 6, 0.5 ], "rotation": 180, "texture": "#texture" }
    }
},
{
    "__comment": "Bottom",
    "from": [ 10, 0, 9 ],
    "to": [ 13, 0.5, 10 ],
    "faces": {
        "down":  { "uv": [ 10, 6, 13, 7 ], "texture": "#texture" },
        "up":    { "uv": [ 6, 7, 3, 6 ], "texture": "#texture", "cullface": "up" },
        "north": { "uv": [ 10, 0, 13, 0.5 ], "rotation": 180, "texture": "#texture" },
        "south": { "uv": [ 3, 0, 6, 0.5 ], "rotation": 180, "texture": "#texture" }
    }
},
{
    "__comment": "Bottom",
    "from": [ 9, 0, 10 ],
    "to": [ 10, 0.5, 15 ],
    "faces": {
        "down":  { "uv": [ 9, 1, 10, 6 ], "texture": "#texture" },
        "up":    { "uv": [ 7, 6, 6, 1 ], "texture": "#texture", "cullface": "up" },
        "west":  { "uv": [ 1, 0, 6, 0.5 ], "rotation": 180, "texture": "#texture" },
        "east":  { "uv": [ 10, 0, 15, 0.5 ], "rotation": 180, "texture": "#texture" }
    }
},
{
    "__comment": "Bottom",
    "from": [ 10, 0, 13 ],
    "to": [ 13, 0.5, 14 ],
    "faces": {
        "down":  { "uv": [ 10, 2, 13, 3 ], "texture": "#texture" },
        "up":    { "uv": [ 6, 3, 3, 2 ], "texture": "#texture", "cullface": "up" },
        "north": { "uv": [ 10, 0, 13, 0.5 ], "rotation": 180, "texture": "#texture" },
        "south": { "uv": [ 3, 0, 6, 0.5 ], "rotation": 180, "texture": "#texture" }
    }
},
{
    "__comment": "Bottom",
    "from": [ 3, 0, 2 ],
    "to": [ 6, 0.5, 3 ],
    "faces": {
        "down":  { "uv": [ 3, 13, 6, 14 ], "texture": "#texture" },
        "up":    { "uv": [ 13, 14, 10, 13 ], "texture": "#texture", "cullface": "up" },
        "north": { "uv": [ 3, 0, 6, 0.5 ], "rotation": 180, "texture": "#texture" },
        "south": { "uv": [ 10, 0, 13, 0.5 ], "rotation": 180, "texture": "#texture" }
    }
},
{
    "__comment": "Bottom",
    "from": [ 3, 0, 6 ],
    "to": [ 6, 0.5, 7 ],
    "faces": {
        "down":  { "uv": [ 3, 9, 6, 10 ], "texture": "#texture" },
        "up":    { "uv": [ 13, 10, 10, 9 ], "texture": "#texture", "cullface": "up" },
        "north": { "uv": [ 3, 0, 6, 0.5 ], "rotation": 180, "texture": "#texture" },
        "south": { "uv": [ 10, 0, 13, 0.5 ], "rotation": 180, "texture": "#texture" }
    }
},
{
    "__comment": "Bottom",
    "from": [ 3, 0, 9 ],
    "to": [ 6, 0.5, 10 ],
    "faces": {
        "down":  { "uv": [ 3, 6, 6, 7 ], "texture": "#texture" },
        "up":    { "uv": [ 13, 7, 10, 6 ], "texture": "#texture", "cullface": "up" },
        "north": { "uv": [ 3, 0, 6, 0.5 ], "rotation": 180, "texture": "#texture" },
        "south": { "uv": [ 10, 0, 13, 0.5 ], "rotation": 180, "texture": "#texture" }
    }
},
{
    "__comment": "Bottom",
    "from": [ 3, 0, 13 ],
    "to": [ 6, 0.5, 14 ],
    "faces": {
        "down":  { "uv": [ 3, 2, 6, 3 ], "texture": "#texture" },
        "up":    { "uv": [ 13, 3, 10, 2 ], "texture": "#texture", "cullface": "up" },
        "north": { "uv": [ 3, 0, 6, 0.5 ], "rotation": 180, "texture": "#texture" },
        "south": { "uv": [ 10, 0, 13, 0.5 ], "rotation": 180, "texture": "#texture" }
    }
},
{
    "__comment": "Bottom",
    "from": [ 14, 0, 2 ],
    "to": [ 15, 0.5, 3 ],
    "faces": {
        "down":  { "uv": [ 14, 13, 15, 14 ], "texture": "#texture" },
        "up":    { "uv": [ 2, 14, 1, 13 ], "texture": "#texture", "cullface": "up" },
        "north": { "uv": [ 14, 0, 15, 0.5 ], "rotation": 180, "texture": "#texture" },
        "south": { "uv": [ 1, 0, 2, 0.5 ], "rotation": 180, "texture": "#texture" }
    }
},
{
    "__comment": "Bottom",
    "from": [ 14, 0, 6 ],
    "to": [ 15, 0.5, 7 ],
    "faces": {
        "down":  { "uv": [ 14, 9, 15, 10 ], "texture": "#texture" },
        "up":    { "uv": [ 2, 10, 1, 9 ], "texture": "#texture", "cullface": "up" },
        "north": { "uv": [ 14, 0, 15, 0.5 ], "rotation": 180, "texture": "#texture" },
        "south": { "uv": [ 1, 0, 2, 0.5 ], "rotation": 180, "texture": "#texture" }
    }
},
{
    "__comment": "Bottom",
    "from": [ 14, 0, 9 ],
    "to": [ 15, 0.5, 10 ],
    "faces": {
        "down":  { "uv": [ 14, 6, 15, 7 ], "texture": "#texture" },
        "up":    { "uv": [ 2, 7, 1, 6 ], "texture": "#texture", "cullface": "up" },
        "north": { "uv": [ 14, 0, 15, 0.5 ], "rotation": 180, "texture": "#texture" },
        "south": { "uv": [ 1, 0, 2, 0.5 ], "rotation": 180, "texture": "#texture" }
    }
},
{
    "__comment": "Bottom",
    "from": [ 14, 0, 13 ],
    "to": [ 15, 0.5, 14 ],
    "faces": {
        "down":  { "uv": [ 14, 2, 15, 3 ], "texture": "#texture" },
        "up":    { "uv": [ 2, 3, 1, 2 ], "texture": "#texture", "cullface": "up" },
        "north": { "uv": [ 14, 0, 15, 0.5 ], "rotation": 180, "texture": "#texture" },
        "south": { "uv": [ 1, 0, 2, 0.5 ], "rotation": 180, "texture": "#texture" }
    }
},
{
    "__comment": "Bottom",
    "from": [ 9, 0, 10 ],
    "to": [ 10, 0.5, 15 ],
    "faces": {
        "down":  { "uv": [ 9, 1, 10, 6 ], "texture": "#texture" },
        "up":    { "uv": [ 7, 6, 6, 1 ], "texture": "#texture", "cullface": "up" },
        "west":  { "uv": [ 1, 0, 6, 0.5 ], "rotation": 180, "texture": "#texture" },
        "east":  { "uv": [ 10, 0, 15, 0.5 ], "rotation": 180, "texture": "#texture" }
    }
},
{
    "__comment": "Bottom",
    "from": [ 13, 0, 1 ],
    "to": [ 14, 0.5, 15 ],
    "faces": {
        "down":  { "uv": [ 13, 1, 14, 15 ], "texture": "#texture" },
        "up":    { "uv": [ 3, 15, 2, 1 ], "texture": "#texture", "cullface": "up" },
        "west":  { "uv": [ 1, 0, 15, 0.5 ], "rotation": 180, "texture": "#texture" },
        "east":  { "uv": [ 1, 0, 15, 0.5 ], "rotation": 180, "texture": "#texture" }
    }
},
{
    "__comment": "Bottom",
    "from": [ 6, 0, 10 ],
    "to": [ 7, 0.5, 15 ],
    "faces": {
        "down":  { "uv": [ 6, 1, 7, 6 ], "texture": "#texture" },
        "up":    { "uv": [ 10, 6, 9, 1 ], "texture": "#texture", "cullface": "up" },
        "west":  { "uv": [ 1, 0, 6, 0.5 ], "rotation": 180, "texture": "#texture" },
        "east":  { "uv": [ 10, 0, 15, 0.5 ], "rotation": 180, "texture": "#texture" }
    }
},
{
    "__comment": "Bottom",
    "from": [ 1, 0, 6 ],
    "to": [ 2, 0.5, 7 ],
    "faces": {
        "down":  { "uv": [ 1, 9, 2, 10 ], "texture": "#texture" },
        "up":    { "uv": [ 15, 10, 14, 9 ], "texture": "#texture", "cullface": "up" },
        "north": { "uv": [ 1, 0, 2, 0.5 ], "rotation": 180, "texture": "#texture" },
        "south": { "uv": [ 14, 0, 15, 0.5 ], "rotation": 180, "texture": "#texture" }
    }
},
{
    "__comment": "Bottom",
    "from": [ 1, 0, 2 ],
    "to": [ 2, 0.5, 3 ],
    "faces": {
        "down":  { "uv": [ 1, 13, 2, 14 ], "texture": "#texture" },
        "up":    { "uv": [ 15, 14, 14, 13 ], "texture": "#texture", "cullface": "up" },
        "north": { "uv": [ 1, 0, 2, 0.5 ], "rotation": 180, "texture": "#texture" },
        "south": { "uv": [ 14, 0, 15, 0.5 ], "rotation": 180, "texture": "#texture" }
    }
},
{
    "__comment": "Bottom",
    "from": [ 1, 0, 9 ],
    "to": [ 2, 0.5, 10 ],
    "faces": {
        "down":  { "uv": [ 1, 6, 2, 7 ], "texture": "#texture" },
        "up":    { "uv": [ 15, 7, 14, 6 ], "texture": "#texture", "cullface": "up" },
        "north": { "uv": [ 1, 0, 2, 0.5 ], "rotation": 180, "texture": "#texture" },
        "south": { "uv": [ 14, 0, 15, 0.5 ], "rotation": 180, "texture": "#texture" }
    }
},
{
    "__comment": "Bottom",
    "from": [ 2, 0, 1 ],
    "to": [ 3, 0.5, 15 ],
    "faces": {
        "down":  { "uv": [ 2, 1, 3, 15 ], "texture": "#texture" },
        "up":    { "uv": [ 14, 15, 13, 1 ], "texture": "#texture", "cullface": "up" },
        "west":  { "uv": [ 1, 0, 15, 0.5 ], "rotation": 180, "texture": "#texture" },
        "east":  { "uv": [ 1, 0, 15, 0.5 ], "rotation": 180, "texture": "#texture" }
    }
},
{
    "__comment": "Bottom",
    "from": [ 1, 0, 13 ],
    "to": [ 2, 0.5, 14 ],
    "faces": {
        "down":  { "uv": [ 1, 2, 2, 3 ], "texture": "#texture" },
        "up":    { "uv": [ 15, 3, 14, 2 ], "texture": "#texture", "cullface": "up" },
        "north": { "uv": [ 1, 0, 2, 0.5 ], "rotation": 180, "texture": "#texture" },
        "south": { "uv": [ 14, 0, 15, 0.5 ], "rotation": 180, "texture": "#texture" }
    }
},
{
    "__comment": "Bottom",
    "from": [ 15, 0, 1 ],
    "to": [ 16, 0.5, 15 ],
    "faces": {
        "down":  { "uv": [ 15, 1, 16, 15 ], "texture": "#texture" },
        "up":    { "uv": [ 1, 15, 0, 1 ], "texture": "#texture", "cullface": "up" },
        "west":  { "uv": [ 1, 0, 15, 0.5 ], "rotation": 180, "texture": "#texture" },
        "east":  { "uv": [ 1, 0, 15, 0.5 ], "rotation": 180, "texture": "#texture", "cullface": "east" }
    }
},
{
    "__comment": "Bottom",
    "from": [ 0, 0, 1 ],
    "to": [ 1, 0.5, 15 ],
    "faces": {
        "down":  { "uv": [ 0, 1, 1, 15 ], "texture": "#texture" },
        "up":    { "uv": [ 16, 15, 15, 1 ], "texture": "#texture", "cullface": "up" },
        "west":  { "uv": [ 1, 0, 15, 0.5 ], "rotation": 180, "texture": "#texture", "cullface": "west" },
        "east":  { "uv": [ 1, 0, 15, 0.5 ], "rotation": 180, "texture": "#texture" }
    }
},
{
    "__comment": "Bottom",
    "from": [ 0, 0, 0 ],
    "to": [ 16, 0.5, 1 ],
    "faces": {
        "down":  { "uv": [ 0, 15, 16, 16 ], "texture": "#texture" },
        "up":    { "uv": [ 16, 16, 0, 15 ], "texture": "#texture", "cullface": "up" },
        "north": { "uv": [ 0, 0, 16, 0.5 ], "rotation": 180, "texture": "#texture" },
        "south": { "uv": [ 0, 0, 16, 0.5 ], "rotation": 180, "texture": "#texture", "cullface": "south" },
        "west":  { "uv": [ 15, 0, 16, 0.5 ], "rotation": 180, "texture": "#texture", "cullface": "west" },
        "east":  { "uv": [ 0, 0, 1, 0.5 ], "rotation": 180, "texture": "#texture", "cullface": "east" }
    }
},
{
    "__comment": "Bottom",
    "from": [ 0, 0, 15 ],
    "to": [ 16, 0.5, 16 ],
    "faces": {
        "down":  { "uv": [ 0, 0, 16, 1 ], "texture": "#texture" },
        "up":    { "uv": [ 16, 1, 0, 0 ], "texture": "#texture", "cullface": "up" },
        "north": { "uv": [ 0, 0, 16, 0.5 ], "rotation": 180, "texture": "#texture", "cullface": "north" },
        "south": { "uv": [ 0, 0, 16, 0.5 ], "rotation": 180, "texture": "#texture" },
        "west":  { "uv": [ 0, 0, 1, 0.5 ], "rotation": 180, "texture": "#texture", "cullface": "west" },
        "east":  { "uv": [ 15, 0, 16, 0.5 ], "rotation": 180, "texture": "#texture", "cullface": "east" }
    }
},
{
    "__comment": "Bottom",
    "from": [ 6, 0, 1 ],
    "to": [ 7, 0.5, 6 ],
    "faces": {
        "down":  { "uv": [ 6, 10, 7, 15 ], "texture": "#texture" },
        "up":    { "uv": [ 10, 15, 9, 10 ], "texture": "#texture", "cullface": "up" },
        "west":  { "uv": [ 10, 0, 15, 0.5 ], "rotation": 180, "texture": "#texture" },
        "east":  { "uv": [ 1, 0, 6, 0.5 ], "rotation": 180, "texture": "#texture" }
    }
},
{
    "__comment": "Bottom",
    "from": [ 9, 0, 1 ],
    "to": [ 10, 0.5, 6 ],
    "faces": {
        "down":  { "uv": [ 9, 10, 10, 15 ], "texture": "#texture" },
        "up":    { "uv": [ 7, 15, 6, 10 ], "texture": "#texture", "cullface": "up" },
        "west":  { "uv": [ 10, 0, 15, 0.5 ], "rotation": 180, "texture": "#texture" },
        "east":  { "uv": [ 1, 0, 6, 0.5 ], "rotation": 180, "texture": "#texture" }
    }
},
{
    "__comment": "Bottom",
    "from": [ 9, 0, 1 ],
    "to": [ 10, 0.5, 6 ],
    "faces": {
        "down":  { "uv": [ 9, 10, 10, 15 ], "texture": "#texture" },
        "up":    { "uv": [ 7, 15, 6, 10 ], "texture": "#texture", "cullface": "up" },
        "west":  { "uv": [ 10, 0, 15, 0.5 ], "rotation": 180, "texture": "#texture" },
        "east":  { "uv": [ 1, 0, 6, 0.5 ], "rotation": 180, "texture": "#texture" }
    }
},
{
    "__comment": "Bottom",
    "from": [ 5, 0, 6 ],
    "to": [ 6, 0.5, 10 ],
    "faces": {
        "down":  { "uv": [ 5, 6, 6, 10 ], "texture": "#texture" },
        "up":    { "uv": [ 11, 10, 10, 6 ], "texture": "#texture", "cullface": "up" }
    }
},
{
    "__comment": "Bottom",
    "from": [ 10, 0, 6 ],
    "to": [ 11, 0.5, 10 ],
    "faces": {
        "down":  { "uv": [ 10, 6, 11, 10 ], "texture": "#texture" },
        "up":    { "uv": [ 6, 10, 5, 6 ], "texture": "#texture", "cullface": "up" }
    }
},
{
    "__comment": "Bottom",
    "from": [ 5, 0, 10 ],
    "to": [ 6, 0.5, 11 ],
    "faces": {
        "down":  { "uv": [ 5, 5, 6, 6 ], "texture": "#texture" },
        "up":    { "uv": [ 11, 6, 10, 5 ], "texture": "#texture", "cullface": "up" },
        "south": { "uv": [ 10, 0, 11, 0.5 ], "rotation": 180, "texture": "#texture" }
    }
},
{
    "__comment": "Bottom",
    "from": [ 10, 0, 10 ],
    "to": [ 11, 0.5, 11 ],
    "faces": {
        "down":  { "uv": [ 10, 5, 11, 6 ], "texture": "#texture" },
        "up":    { "uv": [ 6, 6, 5, 5 ], "texture": "#texture", "cullface": "up" },
        "south": { "uv": [ 5, 0, 6, 0.5 ], "rotation": 180, "texture": "#texture" }
    }
},
{
    "__comment": "Bottom",
    "from": [ 10, 0, 5 ],
    "to": [ 11, 0.5, 6 ],
    "faces": {
        "down":  { "uv": [ 10, 10, 11, 11 ], "texture": "#texture" },
        "up":    { "uv": [ 6, 11, 5, 10 ], "texture": "#texture", "cullface": "up" },
        "north": { "uv": [ 10, 0, 11, 0.5 ], "rotation": 180, "texture": "#texture" }
    }
},
{
    "__comment": "Bottom",
    "from": [ 5, 0, 5 ],
    "to": [ 6, 0.5, 6 ],
    "faces": {
        "down":  { "uv": [ 5, 10, 6, 11 ], "texture": "#texture" },
        "up":    { "uv": [ 11, 11, 10, 10 ], "texture": "#texture", "cullface": "up" },
        "north": { "uv": [ 5, 0, 6, 0.5 ], "rotation": 180, "texture": "#texture" }
    }
},
{
    "__comment": "Side1",
    "from": [ 10, 13, 0 ],
    "to": [ 13, 14, 0.5 ],
    "faces": {
        "down":  { "uv": [ 3, 0, 6, 0.5 ], "rotation": 180, "texture": "#texture" },
        "up":    { "uv": [ 10, 0, 13, 0.5 ], "texture": "#texture", "cullface": "up" },
        "north": { "uv": [ 10, 13, 13, 14 ], "rotation": 180, "texture": "#texture" },
        "south": { "uv": [ 6, 14, 3, 13 ], "texture": "#texture" }
    }
},
{
    "__comment": "Side1",
    "from": [ 6, 13, 0 ],
    "to": [ 10, 14, 0.5 ],
    "faces": {
        "down":  { "uv": [ 6, 0, 10, 0.5 ], "rotation": 180, "texture": "#texture" },
        "up":    { "uv": [ 6, 0, 10, 0.5 ], "texture": "#texture", "cullface": "up" },
        "north": { "uv": [ 6, 13, 10, 14 ], "rotation": 180, "texture": "#texture" },
        "south": { "uv": [ 10, 14, 6, 13 ], "texture": "#texture" }
    }
},
{
    "__comment": "Side1",
    "from": [ 6, 10, 0 ],
    "to": [ 10, 11, 0.5 ],
    "faces": {
        "down":  { "uv": [ 6, 0, 10, 0.5 ], "rotation": 180, "texture": "#texture" },
        "up":    { "uv": [ 6, 0, 10, 0.5 ], "texture": "#texture", "cullface": "up" },
        "north": { "uv": [ 6, 10, 10, 11 ], "rotation": 180, "texture": "#texture" },
        "south": { "uv": [ 10, 11, 6, 10 ], "texture": "#texture" }
    }
},
{
    "__comment": "Side1",
    "from": [ 6, 5, 0 ],
    "to": [ 10, 6, 0.5 ],
    "faces": {
        "down":  { "uv": [ 6, 0, 10, 0.5 ], "rotation": 180, "texture": "#texture" },
        "up":    { "uv": [ 6, 0, 10, 0.5 ], "texture": "#texture", "cullface": "up" },
        "north": { "uv": [ 6, 5, 10, 6 ], "rotation": 180, "texture": "#texture" },
        "south": { "uv": [ 10, 6, 6, 5 ], "texture": "#texture" }
    }
},
{
    "__comment": "Side1",
    "from": [ 6, 2, 0 ],
    "to": [ 10, 3, 0.5 ],
    "faces": {
        "down":  { "uv": [ 6, 0, 10, 0.5 ], "rotation": 180, "texture": "#texture" },
        "up":    { "uv": [ 6, 0, 10, 0.5 ], "texture": "#texture", "cullface": "up" },
        "north": { "uv": [ 6, 2, 10, 3 ], "rotation": 180, "texture": "#texture" },
        "south": { "uv": [ 10, 3, 6, 2 ], "texture": "#texture" }
    }
},
{
    "__comment": "Side1",
    "from": [ 10, 9, 0 ],
    "to": [ 13, 10, 0.5 ],
    "faces": {
        "down":  { "uv": [ 3, 0, 6, 0.5 ], "rotation": 180, "texture": "#texture" },
        "up":    { "uv": [ 10, 0, 13, 0.5 ], "texture": "#texture", "cullface": "up" },
        "north": { "uv": [ 10, 9, 13, 10 ], "rotation": 180, "texture": "#texture" },
        "south": { "uv": [ 6, 10, 3, 9 ], "texture": "#texture" }
    }
},
{
    "__comment": "Side1",
    "from": [ 10, 6, 0 ],
    "to": [ 13, 7, 0.5 ],
    "faces": {
        "down":  { "uv": [ 3, 0, 6, 0.5 ], "rotation": 180, "texture": "#texture" },
        "up":    { "uv": [ 10, 0, 13, 0.5 ], "texture": "#texture", "cullface": "up" },
        "north": { "uv": [ 10, 6, 13, 7 ], "rotation": 180, "texture": "#texture" },
        "south": { "uv": [ 6, 7, 3, 6 ], "texture": "#texture" }
    }
},
{
    "__comment": "Side1",
    "from": [ 9, 1, 0 ],
    "to": [ 10, 6, 0.5 ],
    "faces": {
        "north": { "uv": [ 9, 1, 10, 6 ], "rotation": 180, "texture": "#texture" },
        "south": { "uv": [ 7, 6, 6, 1 ], "texture": "#texture" },
        "west":  { "uv": [ 1, 0, 6, 0.5 ], "rotation": 270, "texture": "#texture" },
        "east":  { "uv": [ 10, 0, 15, 0.5 ], "rotation": 90, "texture": "#texture" }
    }
},
{
    "__comment": "Side1",
    "from": [ 10, 2, 0 ],
    "to": [ 13, 3, 0.5 ],
    "faces": {
        "down":  { "uv": [ 3, 0, 6, 0.5 ], "rotation": 180, "texture": "#texture" },
        "up":    { "uv": [ 10, 0, 13, 0.5 ], "texture": "#texture", "cullface": "up" },
        "north": { "uv": [ 10, 2, 13, 3 ], "rotation": 180, "texture": "#texture" },
        "south": { "uv": [ 6, 3, 3, 2 ], "texture": "#texture" }
    }
},
{
    "__comment": "Side1",
    "from": [ 3, 13, 0 ],
    "to": [ 6, 14, 0.5 ],
    "faces": {
        "down":  { "uv": [ 10, 0, 13, 0.5 ], "rotation": 180, "texture": "#texture" },
        "up":    { "uv": [ 3, 0, 6, 0.5 ], "texture": "#texture", "cullface": "up" },
        "north": { "uv": [ 3, 13, 6, 14 ], "rotation": 180, "texture": "#texture" },
        "south": { "uv": [ 13, 14, 10, 13 ], "texture": "#texture" }
    }
},
{
    "__comment": "Side1",
    "from": [ 3, 9, 0 ],
    "to": [ 6, 10, 0.5 ],
    "faces": {
        "down":  { "uv": [ 10, 0, 13, 0.5 ], "rotation": 180, "texture": "#texture" },
        "up":    { "uv": [ 3, 0, 6, 0.5 ], "texture": "#texture", "cullface": "up" },
        "north": { "uv": [ 3, 9, 6, 10 ], "rotation": 180, "texture": "#texture" },
        "south": { "uv": [ 13, 10, 10, 9 ], "texture": "#texture" }
    }
},
{
    "__comment": "Side1",
    "from": [ 3, 6, 0 ],
    "to": [ 6, 7, 0.5 ],
    "faces": {
        "down":  { "uv": [ 10, 0, 13, 0.5 ], "rotation": 180, "texture": "#texture" },
        "up":    { "uv": [ 3, 0, 6, 0.5 ], "texture": "#texture", "cullface": "up" },
        "north": { "uv": [ 3, 6, 6, 7 ], "rotation": 180, "texture": "#texture" },
        "south": { "uv": [ 13, 7, 10, 6 ], "texture": "#texture" }
    }
},
{
    "__comment": "Side1",
    "from": [ 3, 2, 0 ],
    "to": [ 6, 3, 0.5 ],
    "faces": {
        "down":  { "uv": [ 10, 0, 13, 0.5 ], "rotation": 180, "texture": "#texture" },
        "up":    { "uv": [ 3, 0, 6, 0.5 ], "texture": "#texture", "cullface": "up" },
        "north": { "uv": [ 3, 2, 6, 3 ], "rotation": 180, "texture": "#texture" },
        "south": { "uv": [ 13, 3, 10, 2 ], "texture": "#texture" }
    }
},
{
    "__comment": "Side1",
    "from": [ 14, 13, 0 ],
    "to": [ 15, 14, 0.5 ],
    "faces": {
        "down":  { "uv": [ 1, 0, 2, 0.5 ], "rotation": 180, "texture": "#texture" },
        "up":    { "uv": [ 14, 0, 15, 0.5 ], "texture": "#texture", "cullface": "up" },
        "north": { "uv": [ 14, 13, 15, 14 ], "rotation": 180, "texture": "#texture" },
        "south": { "uv": [ 2, 14, 1, 13 ], "texture": "#texture" }
    }
},
{
    "__comment": "Side1",
    "from": [ 14, 9, 0 ],
    "to": [ 15, 10, 0.5 ],
    "faces": {
        "down":  { "uv": [ 1, 0, 2, 0.5 ], "rotation": 180, "texture": "#texture" },
        "up":    { "uv": [ 14, 0, 15, 0.5 ], "texture": "#texture", "cullface": "up" },
        "north": { "uv": [ 14, 9, 15, 10 ], "rotation": 180, "texture": "#texture" },
        "south": { "uv": [ 2, 10, 1, 9 ], "texture": "#texture" }
    }
},
{
    "__comment": "Side1",
    "from": [ 14, 6, 0 ],
    "to": [ 15, 7, 0.5 ],
    "faces": {
        "down":  { "uv": [ 1, 0, 2, 0.5 ], "rotation": 180, "texture": "#texture" },
        "up":    { "uv": [ 14, 0, 15, 0.5 ], "texture": "#texture", "cullface": "up" },
        "north": { "uv": [ 14, 6, 15, 7 ], "rotation": 180, "texture": "#texture" },
        "south": { "uv": [ 2, 7, 1, 6 ], "texture": "#texture" }
    }
},
{
    "__comment": "Side1",
    "from": [ 14, 2, 0 ],
    "to": [ 15, 3, 0.5 ],
    "faces": {
        "down":  { "uv": [ 1, 0, 2, 0.5 ], "rotation": 180, "texture": "#texture" },
        "up":    { "uv": [ 14, 0, 15, 0.5 ], "texture": "#texture", "cullface": "up" },
        "north": { "uv": [ 14, 2, 15, 3 ], "rotation": 180, "texture": "#texture" },
        "south": { "uv": [ 2, 3, 1, 2 ], "texture": "#texture" }
    }
},
{
    "__comment": "Side1",
    "from": [ 9, 1, 0 ],
    "to": [ 10, 6, 0.5 ],
    "faces": {
        "north": { "uv": [ 9, 1, 10, 6 ], "rotation": 180, "texture": "#texture" },
        "south": { "uv": [ 7, 6, 6, 1 ], "texture": "#texture" },
        "west":  { "uv": [ 1, 0, 6, 0.5 ], "rotation": 270, "texture": "#texture" },
        "east":  { "uv": [ 10, 0, 15, 0.5 ], "rotation": 90, "texture": "#texture" }
    }
},
{
    "__comment": "Side1",
    "from": [ 13, 1, 0 ],
    "to": [ 14, 15, 0.5 ],
    "faces": {
        "north": { "uv": [ 13, 1, 14, 15 ], "rotation": 180, "texture": "#texture" },
        "south": { "uv": [ 3, 15, 2, 1 ], "texture": "#texture" },
        "west":  { "uv": [ 1, 0, 15, 0.5 ], "rotation": 270, "texture": "#texture" },
        "east":  { "uv": [ 1, 0, 15, 0.5 ], "rotation": 90, "texture": "#texture" }
    }
},
{
    "__comment": "Side1",
    "from": [ 6, 1, 0 ],
    "to": [ 7, 6, 0.5 ],
    "faces": {
        "north": { "uv": [ 6, 1, 7, 6 ], "rotation": 180, "texture": "#texture" },
        "south": { "uv": [ 10, 6, 9, 1 ], "texture": "#texture" },
        "west":  { "uv": [ 1, 0, 6, 0.5 ], "rotation": 270, "texture": "#texture" },
        "east":  { "uv": [ 10, 0, 15, 0.5 ], "rotation": 90, "texture": "#texture" }
    }
},
{
    "__comment": "Side1",
    "from": [ 1, 9, 0 ],
    "to": [ 2, 10, 0.5 ],
    "faces": {
        "down":  { "uv": [ 14, 0, 15, 0.5 ], "rotation": 180, "texture": "#texture" },
        "up":    { "uv": [ 1, 0, 2, 0.5 ], "texture": "#texture", "cullface": "up" },
        "north": { "uv": [ 1, 9, 2, 10 ], "rotation": 180, "texture": "#texture" },
        "south": { "uv": [ 15, 10, 14, 9 ], "texture": "#texture" }
    }
},
{
    "__comment": "Side1",
    "from": [ 1, 13, 0 ],
    "to": [ 2, 14, 0.5 ],
    "faces": {
        "down":  { "uv": [ 14, 0, 15, 0.5 ], "rotation": 180, "texture": "#texture" },
        "up":    { "uv": [ 1, 0, 2, 0.5 ], "texture": "#texture", "cullface": "up" },
        "north": { "uv": [ 1, 13, 2, 14 ], "rotation": 180, "texture": "#texture" },
        "south": { "uv": [ 15, 14, 14, 13 ], "texture": "#texture" }
    }
},
{
    "__comment": "Side1",
    "from": [ 1, 6, 0 ],
    "to": [ 2, 7, 0.5 ],
    "faces": {
        "down":  { "uv": [ 14, 0, 15, 0.5 ], "rotation": 180, "texture": "#texture" },
        "up":    { "uv": [ 1, 0, 2, 0.5 ], "texture": "#texture", "cullface": "up" },
        "north": { "uv": [ 1, 6, 2, 7 ], "rotation": 180, "texture": "#texture" },
        "south": { "uv": [ 15, 7, 14, 6 ], "texture": "#texture" }
    }
},
{
    "__comment": "Side1",
    "from": [ 2, 1, 0 ],
    "to": [ 3, 15, 0.5 ],
    "faces": {
        "north": { "uv": [ 2, 1, 3, 15 ], "rotation": 180, "texture": "#texture" },
        "south": { "uv": [ 14, 15, 13, 1 ], "texture": "#texture" },
        "west":  { "uv": [ 1, 0, 15, 0.5 ], "rotation": 270, "texture": "#texture" },
        "east":  { "uv": [ 1, 0, 15, 0.5 ], "rotation": 90, "texture": "#texture" }
    }
},
{
    "__comment": "Side1",
    "from": [ 1, 2, 0 ],
    "to": [ 2, 3, 0.5 ],
    "faces": {
        "down":  { "uv": [ 14, 0, 15, 0.5 ], "rotation": 180, "texture": "#texture" },
        "up":    { "uv": [ 1, 0, 2, 0.5 ], "texture": "#texture", "cullface": "up" },
        "north": { "uv": [ 1, 2, 2, 3 ], "rotation": 180, "texture": "#texture" },
        "south": { "uv": [ 15, 3, 14, 2 ], "texture": "#texture" }
    }
},
{
    "__comment": "Side1",
    "from": [ 15, 1, 0 ],
    "to": [ 16, 15, 0.5 ],
    "faces": {
        "north": { "uv": [ 15, 1, 16, 15 ], "rotation": 180, "texture": "#texture" },
        "south": { "uv": [ 1, 15, 0, 1 ], "texture": "#texture" },
        "west":  { "uv": [ 1, 0, 15, 0.5 ], "rotation": 270, "texture": "#texture" },
        "east":  { "uv": [ 1, 0, 15, 0.5 ], "rotation": 90, "texture": "#texture", "cullface": "east" }
    }
},
{
    "__comment": "Side1",
    "from": [ 0, 1, 0 ],
    "to": [ 1, 15, 0.5 ],
    "faces": {
        "north": { "uv": [ 0, 1, 1, 15 ], "rotation": 180, "texture": "#texture" },
        "south": { "uv": [ 16, 15, 15, 1 ], "texture": "#texture" },
        "west":  { "uv": [ 1, 0, 15, 0.5 ], "rotation": 270, "texture": "#texture", "cullface": "west" },
        "east":  { "uv": [ 1, 0, 15, 0.5 ], "rotation": 90, "texture": "#texture" }
    }
},
{
    "__comment": "Side1",
    "from": [ 0, 15, 0 ],
    "to": [ 16, 16, 0.5 ],
    "faces": {
        "down":  { "uv": [ 0, 0, 16, 0.5 ], "rotation": 180, "texture": "#texture" },
        "up":    { "uv": [ 0, 0, 16, 0.5 ], "texture": "#texture", "cullface": "up" },
        "north": { "uv": [ 0, 15, 16, 16 ], "rotation": 180, "texture": "#texture" },
        "south": { "uv": [ 16, 16, 0, 15 ], "texture": "#texture", "cullface": "south" },
        "west":  { "uv": [ 15, 0, 16, 0.5 ], "rotation": 270, "texture": "#texture", "cullface": "west" },
        "east":  { "uv": [ 0, 0, 1, 0.5 ], "rotation": 90, "texture": "#texture", "cullface": "east" }
    }
},
{
    "__comment": "Side1",
    "from": [ 0, 0, 0 ],
    "to": [ 16, 1, 0.5 ],
    "faces": {
        "down":  { "uv": [ 0, 0, 16, 0.5 ], "rotation": 180, "texture": "#texture" },
        "up":    { "uv": [ 0, 0, 16, 0.5 ], "texture": "#texture", "cullface": "up" },
        "north": { "uv": [ 0, 0, 16, 1 ], "rotation": 180, "texture": "#texture", "cullface": "north" },
        "south": { "uv": [ 16, 1, 0, 0 ], "texture": "#texture" },
        "west":  { "uv": [ 0, 0, 1, 0.5 ], "rotation": 270, "texture": "#texture", "cullface": "west" },
        "east":  { "uv": [ 15, 0, 16, 0.5 ], "rotation": 90, "texture": "#texture", "cullface": "east" }
    }
},
{
    "__comment": "Side1",
    "from": [ 6, 10, 0 ],
    "to": [ 7, 15, 0.5 ],
    "faces": {
        "north": { "uv": [ 6, 10, 7, 15 ], "rotation": 180, "texture": "#texture" },
        "south": { "uv": [ 10, 15, 9, 10 ], "texture": "#texture" },
        "west":  { "uv": [ 10, 0, 15, 0.5 ], "rotation": 270, "texture": "#texture" },
        "east":  { "uv": [ 1, 0, 6, 0.5 ], "rotation": 90, "texture": "#texture" }
    }
},
{
    "__comment": "Side1",
    "from": [ 9, 10, 0 ],
    "to": [ 10, 15, 0.5 ],
    "faces": {
        "north": { "uv": [ 9, 10, 10, 15 ], "rotation": 180, "texture": "#texture" },
        "south": { "uv": [ 7, 15, 6, 10 ], "texture": "#texture" },
        "west":  { "uv": [ 10, 0, 15, 0.5 ], "rotation": 270, "texture": "#texture" },
        "east":  { "uv": [ 1, 0, 6, 0.5 ], "rotation": 90, "texture": "#texture" }
    }
},
{
    "__comment": "Side1",
    "from": [ 9, 10, 0 ],
    "to": [ 10, 15, 0.5 ],
    "faces": {
        "north": { "uv": [ 9, 10, 10, 15 ], "rotation": 180, "texture": "#texture" },
        "south": { "uv": [ 7, 15, 6, 10 ], "texture": "#texture" },
        "west":  { "uv": [ 10, 0, 15, 0.5 ], "rotation": 270, "texture": "#texture" },
        "east":  { "uv": [ 1, 0, 6, 0.5 ], "rotation": 90, "texture": "#texture" }
    }
},
{
    "__comment": "Side1",
    "from": [ 5, 6, 0 ],
    "to": [ 6, 10, 0.5 ],
    "faces": {
        "north": { "uv": [ 5, 6, 6, 10 ], "rotation": 180, "texture": "#texture" },
        "south": { "uv": [ 11, 10, 10, 6 ], "texture": "#texture" }
    }
},
{
    "__comment": "Side1",
    "from": [ 10, 6, 0 ],
    "to": [ 11, 10, 0.5 ],
    "faces": {
        "north": { "uv": [ 10, 6, 11, 10 ], "rotation": 180, "texture": "#texture" },
        "south": { "uv": [ 6, 10, 5, 6 ], "texture": "#texture" }
    }
},
{
    "__comment": "Side1",
    "from": [ 5, 5, 0 ],
    "to": [ 6, 6, 0.5 ],
    "faces": {
        "down":  { "uv": [ 10, 0, 11, 0.5 ], "rotation": 180, "texture": "#texture" },
        "north": { "uv": [ 5, 5, 6, 6 ], "rotation": 180, "texture": "#texture" },
        "south": { "uv": [ 11, 6, 10, 5 ], "texture": "#texture" }
    }
},
{
    "__comment": "Side1",
    "from": [ 10, 5, 0 ],
    "to": [ 11, 6, 0.5 ],
    "faces": {
        "down":  { "uv": [ 5, 0, 6, 0.5 ], "rotation": 180, "texture": "#texture" },
        "north": { "uv": [ 10, 5, 11, 6 ], "rotation": 180, "texture": "#texture" },
        "south": { "uv": [ 6, 6, 5, 5 ], "texture": "#texture" }
    }
},
{
    "__comment": "Side1",
    "from": [ 10, 10, 0 ],
    "to": [ 11, 11, 0.5 ],
    "faces": {
        "up":    { "uv": [ 10, 0, 11, 0.5 ], "texture": "#texture", "cullface": "up" },
        "north": { "uv": [ 10, 10, 11, 11 ], "rotation": 180, "texture": "#texture" },
        "south": { "uv": [ 6, 11, 5, 10 ], "texture": "#texture" }
    }
},
{
    "__comment": "Side1",
    "from": [ 5, 10, 0 ],
    "to": [ 6, 11, 0.5 ],
    "faces": {
        "up":    { "uv": [ 5, 0, 6, 0.5 ], "texture": "#texture", "cullface": "up" },
        "north": { "uv": [ 5, 10, 6, 11 ], "rotation": 180, "texture": "#texture" },
        "south": { "uv": [ 11, 11, 10, 10 ], "texture": "#texture" }
    }
},
{
    "__comment": "Side2",
    "from": [ 15.5, 13, 10 ],
    "to": [ 16, 14, 13 ],
    "faces": {
        "down":  { "uv": [ 3, 0, 6, 0.5 ], "rotation": 90, "texture": "#texture" },
        "up":    { "uv": [ 10, 0, 13, 0.5 ], "rotation": 90, "texture": "#texture", "cullface": "up" },
        "west":  { "uv": [ 6, 14, 3, 13 ], "texture": "#texture" },
        "east":  { "uv": [ 10, 13, 13, 14 ], "rotation": 180, "texture": "#texture" }
    }
},
{
    "__comment": "Side2",
    "from": [ 15.5, 13, 6 ],
    "to": [ 16, 14, 10 ],
    "faces": {
        "down":  { "uv": [ 6, 0, 10, 0.5 ], "rotation": 90, "texture": "#texture" },
        "up":    { "uv": [ 6, 0, 10, 0.5 ], "rotation": 90, "texture": "#texture", "cullface": "up" },
        "west":  { "uv": [ 10, 14, 6, 13 ], "texture": "#texture" },
        "east":  { "uv": [ 6, 13, 10, 14 ], "rotation": 180, "texture": "#texture" }
    }
},
{
    "__comment": "Side2",
    "from": [ 15.5, 10, 6 ],
    "to": [ 16, 11, 10 ],
    "faces": {
        "down":  { "uv": [ 6, 0, 10, 0.5 ], "rotation": 90, "texture": "#texture" },
        "up":    { "uv": [ 6, 0, 10, 0.5 ], "rotation": 90, "texture": "#texture", "cullface": "up" },
        "west":  { "uv": [ 10, 11, 6, 10 ], "texture": "#texture" },
        "east":  { "uv": [ 6, 10, 10, 11 ], "rotation": 180, "texture": "#texture" }
    }
},
{
    "__comment": "Side2",
    "from": [ 15.5, 5, 6 ],
    "to": [ 16, 6, 10 ],
    "faces": {
        "down":  { "uv": [ 6, 0, 10, 0.5 ], "rotation": 90, "texture": "#texture" },
        "up":    { "uv": [ 6, 0, 10, 0.5 ], "rotation": 90, "texture": "#texture", "cullface": "up" },
        "west":  { "uv": [ 10, 6, 6, 5 ], "texture": "#texture" },
        "east":  { "uv": [ 6, 5, 10, 6 ], "rotation": 180, "texture": "#texture" }
    }
},
{
    "__comment": "Side2",
    "from": [ 15.5, 2, 6 ],
    "to": [ 16, 3, 10 ],
    "faces": {
        "down":  { "uv": [ 6, 0, 10, 0.5 ], "rotation": 90, "texture": "#texture" },
        "up":    { "uv": [ 6, 0, 10, 0.5 ], "rotation": 90, "texture": "#texture", "cullface": "up" },
        "west":  { "uv": [ 10, 3, 6, 2 ], "texture": "#texture" },
        "east":  { "uv": [ 6, 2, 10, 3 ], "rotation": 180, "texture": "#texture" }
    }
},
{
    "__comment": "Side2",
    "from": [ 15.5, 9, 10 ],
    "to": [ 16, 10, 13 ],
    "faces": {
        "down":  { "uv": [ 3, 0, 6, 0.5 ], "rotation": 90, "texture": "#texture" },
        "up":    { "uv": [ 10, 0, 13, 0.5 ], "rotation": 90, "texture": "#texture", "cullface": "up" },
        "west":  { "uv": [ 6, 10, 3, 9 ], "texture": "#texture" },
        "east":  { "uv": [ 10, 9, 13, 10 ], "rotation": 180, "texture": "#texture" }
    }
},
{
    "__comment": "Side2",
    "from": [ 15.5, 6, 10 ],
    "to": [ 16, 7, 13 ],
    "faces": {
        "down":  { "uv": [ 3, 0, 6, 0.5 ], "rotation": 90, "texture": "#texture" },
        "up":    { "uv": [ 10, 0, 13, 0.5 ], "rotation": 90, "texture": "#texture", "cullface": "up" },
        "west":  { "uv": [ 6, 7, 3, 6 ], "texture": "#texture" },
        "east":  { "uv": [ 10, 6, 13, 7 ], "rotation": 180, "texture": "#texture" }
    }
},
{
    "__comment": "Side2",
    "from": [ 15.5, 1, 9 ],
    "to": [ 16, 6, 10 ],
    "faces": {
        "north": { "uv": [ 1, 0, 6, 0.5 ], "rotation": 270, "texture": "#texture" },
        "south": { "uv": [ 10, 0, 15, 0.5 ], "rotation": 90, "texture": "#texture" },
        "west":  { "uv": [ 7, 6, 6, 1 ], "texture": "#texture" },
        "east":  { "uv": [ 9, 1, 10, 6 ], "rotation": 180, "texture": "#texture" }
    }
},
{
    "__comment": "Side2",
    "from": [ 15.5, 2, 10 ],
    "to": [ 16, 3, 13 ],
    "faces": {
        "down":  { "uv": [ 3, 0, 6, 0.5 ], "rotation": 90, "texture": "#texture" },
        "up":    { "uv": [ 10, 0, 13, 0.5 ], "rotation": 90, "texture": "#texture", "cullface": "up" },
        "west":  { "uv": [ 6, 3, 3, 2 ], "texture": "#texture" },
        "east":  { "uv": [ 10, 2, 13, 3 ], "rotation": 180, "texture": "#texture" }
    }
},
{
    "__comment": "Side2",
    "from": [ 15.5, 13, 3 ],
    "to": [ 16, 14, 6 ],
    "faces": {
        "down":  { "uv": [ 10, 0, 13, 0.5 ], "rotation": 90, "texture": "#texture" },
        "up":    { "uv": [ 3, 0, 6, 0.5 ], "rotation": 90, "texture": "#texture", "cullface": "up" },
        "west":  { "uv": [ 13, 14, 10, 13 ], "texture": "#texture" },
        "east":  { "uv": [ 3, 13, 6, 14 ], "rotation": 180, "texture": "#texture" }
    }
},
{
    "__comment": "Side2",
    "from": [ 15.5, 9, 3 ],
    "to": [ 16, 10, 6 ],
    "faces": {
        "down":  { "uv": [ 10, 0, 13, 0.5 ], "rotation": 90, "texture": "#texture" },
        "up":    { "uv": [ 3, 0, 6, 0.5 ], "rotation": 90, "texture": "#texture", "cullface": "up" },
        "west":  { "uv": [ 13, 10, 10, 9 ], "texture": "#texture" },
        "east":  { "uv": [ 3, 9, 6, 10 ], "rotation": 180, "texture": "#texture" }
    }
},
{
    "__comment": "Side2",
    "from": [ 15.5, 6, 3 ],
    "to": [ 16, 7, 6 ],
    "faces": {
        "down":  { "uv": [ 10, 0, 13, 0.5 ], "rotation": 90, "texture": "#texture" },
        "up":    { "uv": [ 3, 0, 6, 0.5 ], "rotation": 90, "texture": "#texture", "cullface": "up" },
        "west":  { "uv": [ 13, 7, 10, 6 ], "texture": "#texture" },
        "east":  { "uv": [ 3, 6, 6, 7 ], "rotation": 180, "texture": "#texture" }
    }
},
{
    "__comment": "Side2",
    "from": [ 15.5, 2, 3 ],
    "to": [ 16, 3, 6 ],
    "faces": {
        "down":  { "uv": [ 10, 0, 13, 0.5 ], "rotation": 90, "texture": "#texture" },
        "up":    { "uv": [ 3, 0, 6, 0.5 ], "rotation": 90, "texture": "#texture", "cullface": "up" },
        "west":  { "uv": [ 13, 3, 10, 2 ], "texture": "#texture" },
        "east":  { "uv": [ 3, 2, 6, 3 ], "rotation": 180, "texture": "#texture" }
    }
},
{
    "__comment": "Side2",
    "from": [ 15.5, 13, 14 ],
    "to": [ 16, 14, 15 ],
    "faces": {
        "down":  { "uv": [ 1, 0, 2, 0.5 ], "rotation": 90, "texture": "#texture" },
        "up":    { "uv": [ 14, 0, 15, 0.5 ], "rotation": 90, "texture": "#texture", "cullface": "up" },
        "west":  { "uv": [ 2, 14, 1, 13 ], "texture": "#texture" },
        "east":  { "uv": [ 14, 13, 15, 14 ], "rotation": 180, "texture": "#texture" }
    }
},
{
    "__comment": "Side2",
    "from": [ 15.5, 9, 14 ],
    "to": [ 16, 10, 15 ],
    "faces": {
        "down":  { "uv": [ 1, 0, 2, 0.5 ], "rotation": 90, "texture": "#texture" },
        "up":    { "uv": [ 14, 0, 15, 0.5 ], "rotation": 90, "texture": "#texture", "cullface": "up" },
        "west":  { "uv": [ 2, 10, 1, 9 ], "texture": "#texture" },
        "east":  { "uv": [ 14, 9, 15, 10 ], "rotation": 180, "texture": "#texture" }
    }
},
{
    "__comment": "Side2",
    "from": [ 15.5, 6, 14 ],
    "to": [ 16, 7, 15 ],
    "faces": {
        "down":  { "uv": [ 1, 0, 2, 0.5 ], "rotation": 90, "texture": "#texture" },
        "up":    { "uv": [ 14, 0, 15, 0.5 ], "rotation": 90, "texture": "#texture", "cullface": "up" },
        "west":  { "uv": [ 2, 7, 1, 6 ], "texture": "#texture" },
        "east":  { "uv": [ 14, 6, 15, 7 ], "rotation": 180, "texture": "#texture" }
    }
},
{
    "__comment": "Side2",
    "from": [ 15.5, 2, 14 ],
    "to": [ 16, 3, 15 ],
    "faces": {
        "down":  { "uv": [ 1, 0, 2, 0.5 ], "rotation": 90, "texture": "#texture" },
        "up":    { "uv": [ 14, 0, 15, 0.5 ], "rotation": 90, "texture": "#texture", "cullface": "up" },
        "west":  { "uv": [ 2, 3, 1, 2 ], "texture": "#texture" },
        "east":  { "uv": [ 14, 2, 15, 3 ], "rotation": 180, "texture": "#texture" }
    }
},
{
    "__comment": "Side2",
    "from": [ 15.5, 1, 9 ],
    "to": [ 16, 6, 10 ],
    "faces": {
        "north": { "uv": [ 1, 0, 6, 0.5 ], "rotation": 270, "texture": "#texture" },
        "south": { "uv": [ 10, 0, 15, 0.5 ], "rotation": 90, "texture": "#texture" },
        "west":  { "uv": [ 7, 6, 6, 1 ], "texture": "#texture" },
        "east":  { "uv": [ 9, 1, 10, 6 ], "rotation": 180, "texture": "#texture" }
    }
},
{
    "__comment": "Side2",
    "from": [ 15.5, 1, 13 ],
    "to": [ 16, 15, 14 ],
    "faces": {
        "north": { "uv": [ 1, 0, 15, 0.5 ], "rotation": 270, "texture": "#texture" },
        "south": { "uv": [ 1, 0, 15, 0.5 ], "rotation": 90, "texture": "#texture" },
        "west":  { "uv": [ 3, 15, 2, 1 ], "texture": "#texture" },
        "east":  { "uv": [ 13, 1, 14, 15 ], "rotation": 180, "texture": "#texture" }
    }
},
{
    "__comment": "Side2",
    "from": [ 15.5, 1, 6 ],
    "to": [ 16, 6, 7 ],
    "faces": {
        "north": { "uv": [ 1, 0, 6, 0.5 ], "rotation": 270, "texture": "#texture" },
        "south": { "uv": [ 10, 0, 15, 0.5 ], "rotation": 90, "texture": "#texture" },
        "west":  { "uv": [ 10, 6, 9, 1 ], "texture": "#texture" },
        "east":  { "uv": [ 6, 1, 7, 6 ], "rotation": 180, "texture": "#texture" }
    }
},
{
    "__comment": "Side2",
    "from": [ 15.5, 9, 1 ],
    "to": [ 16, 10, 2 ],
    "faces": {
        "down":  { "uv": [ 14, 0, 15, 0.5 ], "rotation": 90, "texture": "#texture" },
        "up":    { "uv": [ 1, 0, 2, 0.5 ], "rotation": 90, "texture": "#texture", "cullface": "up" },
        "west":  { "uv": [ 15, 10, 14, 9 ], "texture": "#texture" },
        "east":  { "uv": [ 1, 9, 2, 10 ], "rotation": 180, "texture": "#texture" }
    }
},
{
    "__comment": "Side2",
    "from": [ 15.5, 13, 1 ],
    "to": [ 16, 14, 2 ],
    "faces": {
        "down":  { "uv": [ 14, 0, 15, 0.5 ], "rotation": 90, "texture": "#texture" },
        "up":    { "uv": [ 1, 0, 2, 0.5 ], "rotation": 90, "texture": "#texture", "cullface": "up" },
        "west":  { "uv": [ 15, 14, 14, 13 ], "texture": "#texture" },
        "east":  { "uv": [ 1, 13, 2, 14 ], "rotation": 180, "texture": "#texture" }
    }
},
{
    "__comment": "Side2",
    "from": [ 15.5, 6, 1 ],
    "to": [ 16, 7, 2 ],
    "faces": {
        "down":  { "uv": [ 14, 0, 15, 0.5 ], "rotation": 90, "texture": "#texture" },
        "up":    { "uv": [ 1, 0, 2, 0.5 ], "rotation": 90, "texture": "#texture", "cullface": "up" },
        "west":  { "uv": [ 15, 7, 14, 6 ], "texture": "#texture" },
        "east":  { "uv": [ 1, 6, 2, 7 ], "rotation": 180, "texture": "#texture" }
    }
},
{
    "__comment": "Side2",
    "from": [ 15.5, 1, 2 ],
    "to": [ 16, 15, 3 ],
    "faces": {
        "north": { "uv": [ 1, 0, 15, 0.5 ], "rotation": 270, "texture": "#texture" },
        "south": { "uv": [ 1, 0, 15, 0.5 ], "rotation": 90, "texture": "#texture" },
        "west":  { "uv": [ 14, 15, 13, 1 ], "texture": "#texture" },
        "east":  { "uv": [ 2, 1, 3, 15 ], "rotation": 180, "texture": "#texture" }
    }
},
{
    "__comment": "Side2",
    "from": [ 15.5, 2, 1 ],
    "to": [ 16, 3, 2 ],
    "faces": {
        "down":  { "uv": [ 14, 0, 15, 0.5 ], "rotation": 90, "texture": "#texture" },
        "up":    { "uv": [ 1, 0, 2, 0.5 ], "rotation": 90, "texture": "#texture", "cullface": "up" },
        "west":  { "uv": [ 15, 3, 14, 2 ], "texture": "#texture" },
        "east":  { "uv": [ 1, 2, 2, 3 ], "rotation": 180, "texture": "#texture" }
    }
},
{
    "__comment": "Side2",
    "from": [ 15.5, 1, 15 ],
    "to": [ 16, 15, 16 ],
    "faces": {
        "north": { "uv": [ 1, 0, 15, 0.5 ], "rotation": 270, "texture": "#texture" },
        "south": { "uv": [ 1, 0, 15, 0.5 ], "rotation": 90, "texture": "#texture" },
        "west":  { "uv": [ 1, 15, 0, 1 ], "texture": "#texture" },
        "east":  { "uv": [ 15, 1, 16, 15 ], "rotation": 180, "texture": "#texture", "cullface": "east" }
    }
},
{
    "__comment": "Side2",
    "from": [ 15.5, 1, 0 ],
    "to": [ 16, 15, 1 ],
    "faces": {
        "north": { "uv": [ 1, 0, 15, 0.5 ], "rotation": 270, "texture": "#texture" },
        "south": { "uv": [ 1, 0, 15, 0.5 ], "rotation": 90, "texture": "#texture" },
        "west":  { "uv": [ 16, 15, 15, 1 ], "texture": "#texture", "cullface": "west" },
        "east":  { "uv": [ 0, 1, 1, 15 ], "rotation": 180, "texture": "#texture" }
    }
},
{
    "__comment": "Side2",
    "from": [ 15.5, 15, 0 ],
    "to": [ 16, 16, 16 ],
    "faces": {
        "down":  { "uv": [ 0, 0, 16, 0.5 ], "rotation": 90, "texture": "#texture" },
        "up":    { "uv": [ 0, 0, 16, 0.5 ], "rotation": 90, "texture": "#texture", "cullface": "up" },
        "north": { "uv": [ 15, 0, 16, 0.5 ], "rotation": 270, "texture": "#texture" },
        "south": { "uv": [ 0, 0, 1, 0.5 ], "rotation": 90, "texture": "#texture", "cullface": "south" },
        "west":  { "uv": [ 16, 16, 0, 15 ], "texture": "#texture", "cullface": "west" },
        "east":  { "uv": [ 0, 15, 16, 16 ], "rotation": 180, "texture": "#texture", "cullface": "east" }
    }
},
{
    "__comment": "Side2",
    "from": [ 15.5, 0, 0 ],
    "to": [ 16, 1, 16 ],
    "faces": {
        "down":  { "uv": [ 0, 0, 16, 0.5 ], "rotation": 90, "texture": "#texture" },
        "up":    { "uv": [ 0, 0, 16, 0.5 ], "rotation": 90, "texture": "#texture", "cullface": "up" },
        "north": { "uv": [ 0, 0, 1, 0.5 ], "rotation": 270, "texture": "#texture", "cullface": "north" },
        "south": { "uv": [ 15, 0, 16, 0.5 ], "rotation": 90, "texture": "#texture" },
        "west":  { "uv": [ 16, 1, 0, 0 ], "texture": "#texture", "cullface": "west" },
        "east":  { "uv": [ 0, 0, 16, 1 ], "rotation": 180, "texture": "#texture", "cullface": "east" }
    }
},
{
    "__comment": "Side2",
    "from": [ 15.5, 10, 6 ],
    "to": [ 16, 15, 7 ],
    "faces": {
        "north": { "uv": [ 10, 0, 15, 0.5 ], "rotation": 270, "texture": "#texture" },
        "south": { "uv": [ 1, 0, 6, 0.5 ], "rotation": 90, "texture": "#texture" },
        "west":  { "uv": [ 10, 15, 9, 10 ], "texture": "#texture" },
        "east":  { "uv": [ 6, 10, 7, 15 ], "rotation": 180, "texture": "#texture" }
    }
},
{
    "__comment": "Side2",
    "from": [ 15.5, 10, 9 ],
    "to": [ 16, 15, 10 ],
    "faces": {
        "north": { "uv": [ 10, 0, 15, 0.5 ], "rotation": 270, "texture": "#texture" },
        "south": { "uv": [ 1, 0, 6, 0.5 ], "rotation": 90, "texture": "#texture" },
        "west":  { "uv": [ 7, 15, 6, 10 ], "texture": "#texture" },
        "east":  { "uv": [ 9, 10, 10, 15 ], "rotation": 180, "texture": "#texture" }
    }
},
{
    "__comment": "Side2",
    "from": [ 15.5, 10, 9 ],
    "to": [ 16, 15, 10 ],
    "faces": {
        "north": { "uv": [ 10, 0, 15, 0.5 ], "rotation": 270, "texture": "#texture" },
        "south": { "uv": [ 1, 0, 6, 0.5 ], "rotation": 90, "texture": "#texture" },
        "west":  { "uv": [ 7, 15, 6, 10 ], "texture": "#texture" },
        "east":  { "uv": [ 9, 10, 10, 15 ], "rotation": 180, "texture": "#texture" }
    }
},
{
    "__comment": "Side2",
    "from": [ 15.5, 6, 5 ],
    "to": [ 16, 10, 6 ],
    "faces": {
        "west":  { "uv": [ 11, 10, 10, 6 ], "texture": "#texture" },
        "east":  { "uv": [ 5, 6, 6, 10 ], "rotation": 180, "texture": "#texture" }
    }
},
{
    "__comment": "Side2",
    "from": [ 15.5, 6, 10 ],
    "to": [ 16, 10, 11 ],
    "faces": {
        "west":  { "uv": [ 6, 10, 5, 6 ], "texture": "#texture" },
        "east":  { "uv": [ 10, 6, 11, 10 ], "rotation": 180, "texture": "#texture" }
    }
},
{
    "__comment": "Side2",
    "from": [ 15.5, 5, 5 ],
    "to": [ 16, 6, 6 ],
    "faces": {
        "down":  { "uv": [ 10, 0, 11, 0.5 ], "rotation": 90, "texture": "#texture" },
        "west":  { "uv": [ 11, 6, 10, 5 ], "texture": "#texture" },
        "east":  { "uv": [ 5, 5, 6, 6 ], "rotation": 180, "texture": "#texture" }
    }
},
{
    "__comment": "Side2",
    "from": [ 15.5, 5, 10 ],
    "to": [ 16, 6, 11 ],
    "faces": {
        "down":  { "uv": [ 5, 0, 6, 0.5 ], "rotation": 90, "texture": "#texture" },
        "west":  { "uv": [ 6, 6, 5, 5 ], "texture": "#texture" },
        "east":  { "uv": [ 10, 5, 11, 6 ], "rotation": 180, "texture": "#texture" }
    }
},
{
    "__comment": "Side2",
    "from": [ 15.5, 10, 10 ],
    "to": [ 16, 11, 11 ],
    "faces": {
        "up":    { "uv": [ 10, 0, 11, 0.5 ], "rotation": 90, "texture": "#texture", "cullface": "up" },
        "west":  { "uv": [ 6, 11, 5, 10 ], "texture": "#texture" },
        "east":  { "uv": [ 10, 10, 11, 11 ], "rotation": 180, "texture": "#texture" }
    }
},
{
    "__comment": "Side2",
    "from": [ 15.5, 10, 5 ],
    "to": [ 16, 11, 6 ],
    "faces": {
        "up":    { "uv": [ 5, 0, 6, 0.5 ], "rotation": 90, "texture": "#texture", "cullface": "up" },
        "west":  { "uv": [ 11, 11, 10, 10 ], "texture": "#texture" },
        "east":  { "uv": [ 5, 10, 6, 11 ], "rotation": 180, "texture": "#texture" }
    }
},
{
    "__comment": "Side3",
    "from": [ 3, 13, 15.5 ],
    "to": [ 6, 14, 16 ],
    "faces": {
        "down":  { "uv": [ 3, 0, 6, 0.5 ], "texture": "#texture" },
        "up":    { "uv": [ 10, 0, 13, 0.5 ], "rotation": 180, "texture": "#texture", "cullface": "up" },
        "north": { "uv": [ 6, 14, 3, 13 ], "texture": "#texture" },
        "south": { "uv": [ 10, 13, 13, 14 ], "rotation": 180, "texture": "#texture" }
    }
},
{
    "__comment": "Side3",
    "from": [ 6, 13, 15.5 ],
    "to": [ 10, 14, 16 ],
    "faces": {
        "down":  { "uv": [ 6, 0, 10, 0.5 ], "texture": "#texture" },
        "up":    { "uv": [ 6, 0, 10, 0.5 ], "rotation": 180, "texture": "#texture", "cullface": "up" },
        "north": { "uv": [ 10, 14, 6, 13 ], "texture": "#texture" },
        "south": { "uv": [ 6, 13, 10, 14 ], "rotation": 180, "texture": "#texture" }
    }
},
{
    "__comment": "Side3",
    "from": [ 6, 10, 15.5 ],
    "to": [ 10, 11, 16 ],
    "faces": {
        "down":  { "uv": [ 6, 0, 10, 0.5 ], "texture": "#texture" },
        "up":    { "uv": [ 6, 0, 10, 0.5 ], "rotation": 180, "texture": "#texture", "cullface": "up" },
        "north": { "uv": [ 10, 11, 6, 10 ], "texture": "#texture" },
        "south": { "uv": [ 6, 10, 10, 11 ], "rotation": 180, "texture": "#texture" }
    }
},
{
    "__comment": "Side3",
    "from": [ 6, 5, 15.5 ],
    "to": [ 10, 6, 16 ],
    "faces": {
        "down":  { "uv": [ 6, 0, 10, 0.5 ], "texture": "#texture" },
        "up":    { "uv": [ 6, 0, 10, 0.5 ], "rotation": 180, "texture": "#texture", "cullface": "up" },
        "north": { "uv": [ 10, 6, 6, 5 ], "texture": "#texture" },
        "south": { "uv": [ 6, 5, 10, 6 ], "rotation": 180, "texture": "#texture" }
    }
},
{
    "__comment": "Side3",
    "from": [ 6, 2, 15.5 ],
    "to": [ 10, 3, 16 ],
    "faces": {
        "down":  { "uv": [ 6, 0, 10, 0.5 ], "texture": "#texture" },
        "up":    { "uv": [ 6, 0, 10, 0.5 ], "rotation": 180, "texture": "#texture", "cullface": "up" },
        "north": { "uv": [ 10, 3, 6, 2 ], "texture": "#texture" },
        "south": { "uv": [ 6, 2, 10, 3 ], "rotation": 180, "texture": "#texture" }
    }
},
{
    "__comment": "Side3",
    "from": [ 3, 9, 15.5 ],
    "to": [ 6, 10, 16 ],
    "faces": {
        "down":  { "uv": [ 3, 0, 6, 0.5 ], "texture": "#texture" },
        "up":    { "uv": [ 10, 0, 13, 0.5 ], "rotation": 180, "texture": "#texture", "cullface": "up" },
        "north": { "uv": [ 6, 10, 3, 9 ], "texture": "#texture" },
        "south": { "uv": [ 10, 9, 13, 10 ], "rotation": 180, "texture": "#texture" }
    }
},
{
    "__comment": "Side3",
    "from": [ 3, 6, 15.5 ],
    "to": [ 6, 7, 16 ],
    "faces": {
        "down":  { "uv": [ 3, 0, 6, 0.5 ], "texture": "#texture" },
        "up":    { "uv": [ 10, 0, 13, 0.5 ], "rotation": 180, "texture": "#texture", "cullface": "up" },
        "north": { "uv": [ 6, 7, 3, 6 ], "texture": "#texture" },
        "south": { "uv": [ 10, 6, 13, 7 ], "rotation": 180, "texture": "#texture" }
    }
},
{
    "__comment": "Side3",
    "from": [ 6, 1, 15.5 ],
    "to": [ 7, 6, 16 ],
    "faces": {
        "north": { "uv": [ 7, 6, 6, 1 ], "texture": "#texture" },
        "south": { "uv": [ 9, 1, 10, 6 ], "rotation": 180, "texture": "#texture" },
        "west":  { "uv": [ 10, 0, 15, 0.5 ], "rotation": 90, "texture": "#texture" },
        "east":  { "uv": [ 1, 0, 6, 0.5 ], "rotation": 270, "texture": "#texture" }
    }
},
{
    "__comment": "Side3",
    "from": [ 3, 2, 15.5 ],
    "to": [ 6, 3, 16 ],
    "faces": {
        "down":  { "uv": [ 3, 0, 6, 0.5 ], "texture": "#texture" },
        "up":    { "uv": [ 10, 0, 13, 0.5 ], "rotation": 180, "texture": "#texture", "cullface": "up" },
        "north": { "uv": [ 6, 3, 3, 2 ], "texture": "#texture" },
        "south": { "uv": [ 10, 2, 13, 3 ], "rotation": 180, "texture": "#texture" }
    }
},
{
    "__comment": "Side3",
    "from": [ 10, 13, 15.5 ],
    "to": [ 13, 14, 16 ],
    "faces": {
        "down":  { "uv": [ 10, 0, 13, 0.5 ], "texture": "#texture" },
        "up":    { "uv": [ 3, 0, 6, 0.5 ], "rotation": 180, "texture": "#texture", "cullface": "up" },
        "north": { "uv": [ 13, 14, 10, 13 ], "texture": "#texture" },
        "south": { "uv": [ 3, 13, 6, 14 ], "rotation": 180, "texture": "#texture" }
    }
},
{
    "__comment": "Side3",
    "from": [ 10, 9, 15.5 ],
    "to": [ 13, 10, 16 ],
    "faces": {
        "down":  { "uv": [ 10, 0, 13, 0.5 ], "texture": "#texture" },
        "up":    { "uv": [ 3, 0, 6, 0.5 ], "rotation": 180, "texture": "#texture", "cullface": "up" },
        "north": { "uv": [ 13, 10, 10, 9 ], "texture": "#texture" },
        "south": { "uv": [ 3, 9, 6, 10 ], "rotation": 180, "texture": "#texture" }
    }
},
{
    "__comment": "Side3",
    "from": [ 10, 6, 15.5 ],
    "to": [ 13, 7, 16 ],
    "faces": {
        "down":  { "uv": [ 10, 0, 13, 0.5 ], "texture": "#texture" },
        "up":    { "uv": [ 3, 0, 6, 0.5 ], "rotation": 180, "texture": "#texture", "cullface": "up" },
        "north": { "uv": [ 13, 7, 10, 6 ], "texture": "#texture" },
        "south": { "uv": [ 3, 6, 6, 7 ], "rotation": 180, "texture": "#texture" }
    }
},
{
    "__comment": "Side3",
    "from": [ 10, 2, 15.5 ],
    "to": [ 13, 3, 16 ],
    "faces": {
        "down":  { "uv": [ 10, 0, 13, 0.5 ], "texture": "#texture" },
        "up":    { "uv": [ 3, 0, 6, 0.5 ], "rotation": 180, "texture": "#texture", "cullface": "up" },
        "north": { "uv": [ 13, 3, 10, 2 ], "texture": "#texture" },
        "south": { "uv": [ 3, 2, 6, 3 ], "rotation": 180, "texture": "#texture" }
    }
},
{
    "__comment": "Side3",
    "from": [ 1, 13, 15.5 ],
    "to": [ 2, 14, 16 ],
    "faces": {
        "down":  { "uv": [ 1, 0, 2, 0.5 ], "texture": "#texture" },
        "up":    { "uv": [ 14, 0, 15, 0.5 ], "rotation": 180, "texture": "#texture", "cullface": "up" },
        "north": { "uv": [ 2, 14, 1, 13 ], "texture": "#texture" },
        "south": { "uv": [ 14, 13, 15, 14 ], "rotation": 180, "texture": "#texture" }
    }
},
{
    "__comment": "Side3",
    "from": [ 1, 9, 15.5 ],
    "to": [ 2, 10, 16 ],
    "faces": {
        "down":  { "uv": [ 1, 0, 2, 0.5 ], "texture": "#texture" },
        "up":    { "uv": [ 14, 0, 15, 0.5 ], "rotation": 180, "texture": "#texture", "cullface": "up" },
        "north": { "uv": [ 2, 10, 1, 9 ], "texture": "#texture" },
        "south": { "uv": [ 14, 9, 15, 10 ], "rotation": 180, "texture": "#texture" }
    }
},
{
    "__comment": "Side3",
    "from": [ 1, 6, 15.5 ],
    "to": [ 2, 7, 16 ],
    "faces": {
        "down":  { "uv": [ 1, 0, 2, 0.5 ], "texture": "#texture" },
        "up":    { "uv": [ 14, 0, 15, 0.5 ], "rotation": 180, "texture": "#texture", "cullface": "up" },
        "north": { "uv": [ 2, 7, 1, 6 ], "texture": "#texture" },
        "south": { "uv": [ 14, 6, 15, 7 ], "rotation": 180, "texture": "#texture" }
    }
},
{
    "__comment": "Side3",
    "from": [ 1, 2, 15.5 ],
    "to": [ 2, 3, 16 ],
    "faces": {
        "down":  { "uv": [ 1, 0, 2, 0.5 ], "texture": "#texture" },
        "up":    { "uv": [ 14, 0, 15, 0.5 ], "rotation": 180, "texture": "#texture", "cullface": "up" },
        "north": { "uv": [ 2, 3, 1, 2 ], "texture": "#texture" },
        "south": { "uv": [ 14, 2, 15, 3 ], "rotation": 180, "texture": "#texture" }
    }
},
{
    "__comment": "Side3",
    "from": [ 6, 1, 15.5 ],
    "to": [ 7, 6, 16 ],
    "faces": {
        "north": { "uv": [ 7, 6, 6, 1 ], "texture": "#texture" },
        "south": { "uv": [ 9, 1, 10, 6 ], "rotation": 180, "texture": "#texture" },
        "west":  { "uv": [ 10, 0, 15, 0.5 ], "rotation": 90, "texture": "#texture" },
        "east":  { "uv": [ 1, 0, 6, 0.5 ], "rotation": 270, "texture": "#texture" }
    }
},
{
    "__comment": "Side3",
    "from": [ 2, 1, 15.5 ],
    "to": [ 3, 15, 16 ],
    "faces": {
        "north": { "uv": [ 3, 15, 2, 1 ], "texture": "#texture" },
        "south": { "uv": [ 13, 1, 14, 15 ], "rotation": 180, "texture": "#texture" },
        "west":  { "uv": [ 1, 0, 15, 0.5 ], "rotation": 90, "texture": "#texture" },
        "east":  { "uv": [ 1, 0, 15, 0.5 ], "rotation": 270, "texture": "#texture" }
    }
},
{
    "__comment": "Side3",
    "from": [ 9, 1, 15.5 ],
    "to": [ 10, 6, 16 ],
    "faces": {
        "north": { "uv": [ 10, 6, 9, 1 ], "texture": "#texture" },
        "south": { "uv": [ 6, 1, 7, 6 ], "rotation": 180, "texture": "#texture" },
        "west":  { "uv": [ 10, 0, 15, 0.5 ], "rotation": 90, "texture": "#texture" },
        "east":  { "uv": [ 1, 0, 6, 0.5 ], "rotation": 270, "texture": "#texture" }
    }
},
{
    "__comment": "Side3",
    "from": [ 14, 9, 15.5 ],
    "to": [ 15, 10, 16 ],
    "faces": {
        "down":  { "uv": [ 14, 0, 15, 0.5 ], "texture": "#texture" },
        "up":    { "uv": [ 1, 0, 2, 0.5 ], "rotation": 180, "texture": "#texture", "cullface": "up" },
        "north": { "uv": [ 15, 10, 14, 9 ], "texture": "#texture" },
        "south": { "uv": [ 1, 9, 2, 10 ], "rotation": 180, "texture": "#texture" }
    }
},
{
    "__comment": "Side3",
    "from": [ 14, 13, 15.5 ],
    "to": [ 15, 14, 16 ],
    "faces": {
        "down":  { "uv": [ 14, 0, 15, 0.5 ], "texture": "#texture" },
        "up":    { "uv": [ 1, 0, 2, 0.5 ], "rotation": 180, "texture": "#texture", "cullface": "up" },
        "north": { "uv": [ 15, 14, 14, 13 ], "texture": "#texture" },
        "south": { "uv": [ 1, 13, 2, 14 ], "rotation": 180, "texture": "#texture" }
    }
},
{
    "__comment": "Side3",
    "from": [ 14, 6, 15.5 ],
    "to": [ 15, 7, 16 ],
    "faces": {
        "down":  { "uv": [ 14, 0, 15, 0.5 ], "texture": "#texture" },
        "up":    { "uv": [ 1, 0, 2, 0.5 ], "rotation": 180, "texture": "#texture", "cullface": "up" },
        "north": { "uv": [ 15, 7, 14, 6 ], "texture": "#texture" },
        "south": { "uv": [ 1, 6, 2, 7 ], "rotation": 180, "texture": "#texture" }
    }
},
{
    "__comment": "Side3",
    "from": [ 13, 1, 15.5 ],
    "to": [ 14, 15, 16 ],
    "faces": {
        "north": { "uv": [ 14, 15, 13, 1 ], "texture": "#texture" },
        "south": { "uv": [ 2, 1, 3, 15 ], "rotation": 180, "texture": "#texture" },
        "west":  { "uv": [ 1, 0, 15, 0.5 ], "rotation": 90, "texture": "#texture" },
        "east":  { "uv": [ 1, 0, 15, 0.5 ], "rotation": 270, "texture": "#texture" }
    }
},
{
    "__comment": "Side3",
    "from": [ 14, 2, 15.5 ],
    "to": [ 15, 3, 16 ],
    "faces": {
        "down":  { "uv": [ 14, 0, 15, 0.5 ], "texture": "#texture" },
        "up":    { "uv": [ 1, 0, 2, 0.5 ], "rotation": 180, "texture": "#texture", "cullface": "up" },
        "north": { "uv": [ 15, 3, 14, 2 ], "texture": "#texture" },
        "south": { "uv": [ 1, 2, 2, 3 ], "rotation": 180, "texture": "#texture" }
    }
},
{
    "__comment": "Side3",
    "from": [ 0, 1, 15.5 ],
    "to": [ 1, 15, 16 ],
    "faces": {
        "north": { "uv": [ 1, 15, 0, 1 ], "texture": "#texture" },
        "south": { "uv": [ 15, 1, 16, 15 ], "rotation": 180, "texture": "#texture" },
        "west":  { "uv": [ 1, 0, 15, 0.5 ], "rotation": 90, "texture": "#texture" },
        "east":  { "uv": [ 1, 0, 15, 0.5 ], "rotation": 270, "texture": "#texture", "cullface": "east" }
    }
},
{
    "__comment": "Side3",
    "from": [ 15, 1, 15.5 ],
    "to": [ 16, 15, 16 ],
    "faces": {
        "north": { "uv": [ 16, 15, 15, 1 ], "texture": "#texture" },
        "south": { "uv": [ 0, 1, 1, 15 ], "rotation": 180, "texture": "#texture" },
        "west":  { "uv": [ 1, 0, 15, 0.5 ], "rotation": 90, "texture": "#texture", "cullface": "west" },
        "east":  { "uv": [ 1, 0, 15, 0.5 ], "rotation": 270, "texture": "#texture" }
    }
},
{
    "__comment": "Side3",
    "from": [ 0, 15, 15.5 ],
    "to": [ 16, 16, 16 ],
    "faces": {
        "down":  { "uv": [ 0, 0, 16, 0.5 ], "texture": "#texture" },
        "up":    { "uv": [ 0, 0, 16, 0.5 ], "rotation": 180, "texture": "#texture", "cullface": "up" },
        "north": { "uv": [ 16, 16, 0, 15 ], "texture": "#texture" },
        "south": { "uv": [ 0, 15, 16, 16 ], "rotation": 180, "texture": "#texture", "cullface": "south" },
        "west":  { "uv": [ 0, 0, 1, 0.5 ], "rotation": 90, "texture": "#texture", "cullface": "west" },
        "east":  { "uv": [ 15, 0, 16, 0.5 ], "rotation": 270, "texture": "#texture", "cullface": "east" }
    }
},
{
    "__comment": "Side3",
    "from": [ 0, 0, 15.5 ],
    "to": [ 16, 1, 16 ],
    "faces": {
        "down":  { "uv": [ 0, 0, 16, 0.5 ], "texture": "#texture" },
        "up":    { "uv": [ 0, 0, 16, 0.5 ], "rotation": 180, "texture": "#texture", "cullface": "up" },
        "north": { "uv": [ 16, 1, 0, 0 ], "texture": "#texture", "cullface": "north" },
        "south": { "uv": [ 0, 0, 16, 1 ], "rotation": 180, "texture": "#texture" },
        "west":  { "uv": [ 15, 0, 16, 0.5 ], "rotation": 90, "texture": "#texture", "cullface": "west" },
        "east":  { "uv": [ 0, 0, 1, 0.5 ], "rotation": 270, "texture": "#texture", "cullface": "east" }
    }
},
{
    "__comment": "Side3",
    "from": [ 9, 10, 15.5 ],
    "to": [ 10, 15, 16 ],
    "faces": {
        "north": { "uv": [ 10, 15, 9, 10 ], "texture": "#texture" },
        "south": { "uv": [ 6, 10, 7, 15 ], "rotation": 180, "texture": "#texture" },
        "west":  { "uv": [ 1, 0, 6, 0.5 ], "rotation": 90, "texture": "#texture" },
        "east":  { "uv": [ 10, 0, 15, 0.5 ], "rotation": 270, "texture": "#texture" }
    }
},
{
    "__comment": "Side3",
    "from": [ 6, 10, 15.5 ],
    "to": [ 7, 15, 16 ],
    "faces": {
        "north": { "uv": [ 7, 15, 6, 10 ], "texture": "#texture" },
        "south": { "uv": [ 9, 10, 10, 15 ], "rotation": 180, "texture": "#texture" },
        "west":  { "uv": [ 1, 0, 6, 0.5 ], "rotation": 90, "texture": "#texture" },
        "east":  { "uv": [ 10, 0, 15, 0.5 ], "rotation": 270, "texture": "#texture" }
    }
},
{
    "__comment": "Side3",
    "from": [ 6, 10, 15.5 ],
    "to": [ 7, 15, 16 ],
    "faces": {
        "north": { "uv": [ 7, 15, 6, 10 ], "texture": "#texture" },
        "south": { "uv": [ 9, 10, 10, 15 ], "rotation": 180, "texture": "#texture" },
        "west":  { "uv": [ 1, 0, 6, 0.5 ], "rotation": 90, "texture": "#texture" },
        "east":  { "uv": [ 10, 0, 15, 0.5 ], "rotation": 270, "texture": "#texture" }
    }
},
{
    "__comment": "Side3",
    "from": [ 10, 6, 15.5 ],
    "to": [ 11, 10, 16 ],
    "faces": {
        "north": { "uv": [ 11, 10, 10, 6 ], "texture": "#texture" },
        "south": { "uv": [ 5, 6, 6, 10 ], "rotation": 180, "texture": "#texture" }
    }
},
{
    "__comment": "Side3",
    "from": [ 5, 6, 15.5 ],
    "to": [ 6, 10, 16 ],
    "faces": {
        "north": { "uv": [ 6, 10, 5, 6 ], "texture": "#texture" },
        "south": { "uv": [ 10, 6, 11, 10 ], "rotation": 180, "texture": "#texture" }
    }
},
{
    "__comment": "Side3",
    "from": [ 10, 5, 15.5 ],
    "to": [ 11, 6, 16 ],
    "faces": {
        "down":  { "uv": [ 10, 0, 11, 0.5 ], "texture": "#texture" },
        "north": { "uv": [ 11, 6, 10, 5 ], "texture": "#texture" },
        "south": { "uv": [ 5, 5, 6, 6 ], "rotation": 180, "texture": "#texture" }
    }
},
{
    "__comment": "Side3",
    "from": [ 5, 5, 15.5 ],
    "to": [ 6, 6, 16 ],
    "faces": {
        "down":  { "uv": [ 5, 0, 6, 0.5 ], "texture": "#texture" },
        "north": { "uv": [ 6, 6, 5, 5 ], "texture": "#texture" },
        "south": { "uv": [ 10, 5, 11, 6 ], "rotation": 180, "texture": "#texture" }
    }
},
{
    "__comment": "Side3",
    "from": [ 5, 10, 15.5 ],
    "to": [ 6, 11, 16 ],
    "faces": {
        "up":    { "uv": [ 10, 0, 11, 0.5 ], "rotation": 180, "texture": "#texture", "cullface": "up" },
        "north": { "uv": [ 6, 11, 5, 10 ], "texture": "#texture" },
        "south": { "uv": [ 10, 10, 11, 11 ], "rotation": 180, "texture": "#texture" }
    }
},
{
    "__comment": "Side3",
    "from": [ 10, 10, 15.5 ],
    "to": [ 11, 11, 16 ],
    "faces": {
        "up":    { "uv": [ 5, 0, 6, 0.5 ], "rotation": 180, "texture": "#texture", "cullface": "up" },
        "north": { "uv": [ 11, 11, 10, 10 ], "texture": "#texture" },
        "south": { "uv": [ 5, 10, 6, 11 ], "rotation": 180, "texture": "#texture" }
    }
},
{
    "__comment": "Side4",
    "from": [ 0, 13, 3 ],
    "to": [ 0.5, 14, 6 ],
    "faces": {
        "down":  { "uv": [ 3, 0, 6, 0.5 ], "rotation": 270, "texture": "#texture" },
        "up":    { "uv": [ 10, 0, 13, 0.5 ], "rotation": 270, "texture": "#texture", "cullface": "up" },
        "west":  { "uv": [ 10, 13, 13, 14 ], "rotation": 180, "texture": "#texture" },
        "east":  { "uv": [ 6, 14, 3, 13 ], "texture": "#texture" }
    }
},
{
    "__comment": "Side4",
    "from": [ 0, 13, 6 ],
    "to": [ 0.5, 14, 10 ],
    "faces": {
        "down":  { "uv": [ 6, 0, 10, 0.5 ], "rotation": 270, "texture": "#texture" },
        "up":    { "uv": [ 6, 0, 10, 0.5 ], "rotation": 270, "texture": "#texture", "cullface": "up" },
        "west":  { "uv": [ 6, 13, 10, 14 ], "rotation": 180, "texture": "#texture" },
        "east":  { "uv": [ 10, 14, 6, 13 ], "texture": "#texture" }
    }
},
{
    "__comment": "Side4",
    "from": [ 0, 10, 6 ],
    "to": [ 0.5, 11, 10 ],
    "faces": {
        "down":  { "uv": [ 6, 0, 10, 0.5 ], "rotation": 270, "texture": "#texture" },
        "up":    { "uv": [ 6, 0, 10, 0.5 ], "rotation": 270, "texture": "#texture", "cullface": "up" },
        "west":  { "uv": [ 6, 10, 10, 11 ], "rotation": 180, "texture": "#texture" },
        "east":  { "uv": [ 10, 11, 6, 10 ], "texture": "#texture" }
    }
},
{
    "__comment": "Side4",
    "from": [ 0, 5, 6 ],
    "to": [ 0.5, 6, 10 ],
    "faces": {
        "down":  { "uv": [ 6, 0, 10, 0.5 ], "rotation": 270, "texture": "#texture" },
        "up":    { "uv": [ 6, 0, 10, 0.5 ], "rotation": 270, "texture": "#texture", "cullface": "up" },
        "west":  { "uv": [ 6, 5, 10, 6 ], "rotation": 180, "texture": "#texture" },
        "east":  { "uv": [ 10, 6, 6, 5 ], "texture": "#texture" }
    }
},
{
    "__comment": "Side4",
    "from": [ 0, 2, 6 ],
    "to": [ 0.5, 3, 10 ],
    "faces": {
        "down":  { "uv": [ 6, 0, 10, 0.5 ], "rotation": 270, "texture": "#texture" },
        "up":    { "uv": [ 6, 0, 10, 0.5 ], "rotation": 270, "texture": "#texture", "cullface": "up" },
        "west":  { "uv": [ 6, 2, 10, 3 ], "rotation": 180, "texture": "#texture" },
        "east":  { "uv": [ 10, 3, 6, 2 ], "texture": "#texture" }
    }
},
{
    "__comment": "Side4",
    "from": [ 0, 9, 3 ],
    "to": [ 0.5, 10, 6 ],
    "faces": {
        "down":  { "uv": [ 3, 0, 6, 0.5 ], "rotation": 270, "texture": "#texture" },
        "up":    { "uv": [ 10, 0, 13, 0.5 ], "rotation": 270, "texture": "#texture", "cullface": "up" },
        "west":  { "uv": [ 10, 9, 13, 10 ], "rotation": 180, "texture": "#texture" },
        "east":  { "uv": [ 6, 10, 3, 9 ], "texture": "#texture" }
    }
},
{
    "__comment": "Side4",
    "from": [ 0, 6, 3 ],
    "to": [ 0.5, 7, 6 ],
    "faces": {
        "down":  { "uv": [ 3, 0, 6, 0.5 ], "rotation": 270, "texture": "#texture" },
        "up":    { "uv": [ 10, 0, 13, 0.5 ], "rotation": 270, "texture": "#texture", "cullface": "up" },
        "west":  { "uv": [ 10, 6, 13, 7 ], "rotation": 180, "texture": "#texture" },
        "east":  { "uv": [ 6, 7, 3, 6 ], "texture": "#texture" }
    }
},
{
    "__comment": "Side4",
    "from": [ 0, 1, 6 ],
    "to": [ 0.5, 6, 7 ],
    "faces": {
        "north": { "uv": [ 10, 0, 15, 0.5 ], "rotation": 90, "texture": "#texture" },
        "south": { "uv": [ 1, 0, 6, 0.5 ], "rotation": 270, "texture": "#texture" },
        "west":  { "uv": [ 9, 1, 10, 6 ], "rotation": 180, "texture": "#texture" },
        "east":  { "uv": [ 7, 6, 6, 1 ], "texture": "#texture" }
    }
},
{
    "__comment": "Side4",
    "from": [ 0, 2, 3 ],
    "to": [ 0.5, 3, 6 ],
    "faces": {
        "down":  { "uv": [ 3, 0, 6, 0.5 ], "rotation": 270, "texture": "#texture" },
        "up":    { "uv": [ 10, 0, 13, 0.5 ], "rotation": 270, "texture": "#texture", "cullface": "up" },
        "west":  { "uv": [ 10, 2, 13, 3 ], "rotation": 180, "texture": "#texture" },
        "east":  { "uv": [ 6, 3, 3, 2 ], "texture": "#texture" }
    }
},
{
    "__comment": "Side4",
    "from": [ 0, 13, 10 ],
    "to": [ 0.5, 14, 13 ],
    "faces": {
        "down":  { "uv": [ 10, 0, 13, 0.5 ], "rotation": 270, "texture": "#texture" },
        "up":    { "uv": [ 3, 0, 6, 0.5 ], "rotation": 270, "texture": "#texture", "cullface": "up" },
        "west":  { "uv": [ 3, 13, 6, 14 ], "rotation": 180, "texture": "#texture" },
        "east":  { "uv": [ 13, 14, 10, 13 ], "texture": "#texture" }
    }
},
{
    "__comment": "Side4",
    "from": [ 0, 9, 10 ],
    "to": [ 0.5, 10, 13 ],
    "faces": {
        "down":  { "uv": [ 10, 0, 13, 0.5 ], "rotation": 270, "texture": "#texture" },
        "up":    { "uv": [ 3, 0, 6, 0.5 ], "rotation": 270, "texture": "#texture", "cullface": "up" },
        "west":  { "uv": [ 3, 9, 6, 10 ], "rotation": 180, "texture": "#texture" },
        "east":  { "uv": [ 13, 10, 10, 9 ], "texture": "#texture" }
    }
},
{
    "__comment": "Side4",
    "from": [ 0, 6, 10 ],
    "to": [ 0.5, 7, 13 ],
    "faces": {
        "down":  { "uv": [ 10, 0, 13, 0.5 ], "rotation": 270, "texture": "#texture" },
        "up":    { "uv": [ 3, 0, 6, 0.5 ], "rotation": 270, "texture": "#texture", "cullface": "up" },
        "west":  { "uv": [ 3, 6, 6, 7 ], "rotation": 180, "texture": "#texture" },
        "east":  { "uv": [ 13, 7, 10, 6 ], "texture": "#texture" }
    }
},
{
    "__comment": "Side4",
    "from": [ 0, 2, 10 ],
    "to": [ 0.5, 3, 13 ],
    "faces": {
        "down":  { "uv": [ 10, 0, 13, 0.5 ], "rotation": 270, "texture": "#texture" },
        "up":    { "uv": [ 3, 0, 6, 0.5 ], "rotation": 270, "texture": "#texture", "cullface": "up" },
        "west":  { "uv": [ 3, 2, 6, 3 ], "rotation": 180, "texture": "#texture" },
        "east":  { "uv": [ 13, 3, 10, 2 ], "texture": "#texture" }
    }
},
{
    "__comment": "Side4",
    "from": [ 0, 13, 1 ],
    "to": [ 0.5, 14, 2 ],
    "faces": {
        "down":  { "uv": [ 1, 0, 2, 0.5 ], "rotation": 270, "texture": "#texture" },
        "up":    { "uv": [ 14, 0, 15, 0.5 ], "rotation": 270, "texture": "#texture", "cullface": "up" },
        "west":  { "uv": [ 14, 13, 15, 14 ], "rotation": 180, "texture": "#texture" },
        "east":  { "uv": [ 2, 14, 1, 13 ], "texture": "#texture" }
    }
},
{
    "__comment": "Side4",
    "from": [ 0, 9, 1 ],
    "to": [ 0.5, 10, 2 ],
    "faces": {
        "down":  { "uv": [ 1, 0, 2, 0.5 ], "rotation": 270, "texture": "#texture" },
        "up":    { "uv": [ 14, 0, 15, 0.5 ], "rotation": 270, "texture": "#texture", "cullface": "up" },
        "west":  { "uv": [ 14, 9, 15, 10 ], "rotation": 180, "texture": "#texture" },
        "east":  { "uv": [ 2, 10, 1, 9 ], "texture": "#texture" }
    }
},
{
    "__comment": "Side4",
    "from": [ 0, 6, 1 ],
    "to": [ 0.5, 7, 2 ],
    "faces": {
        "down":  { "uv": [ 1, 0, 2, 0.5 ], "rotation": 270, "texture": "#texture" },
        "up":    { "uv": [ 14, 0, 15, 0.5 ], "rotation": 270, "texture": "#texture", "cullface": "up" },
        "west":  { "uv": [ 14, 6, 15, 7 ], "rotation": 180, "texture": "#texture" },
        "east":  { "uv": [ 2, 7, 1, 6 ], "texture": "#texture" }
    }
},
{
    "__comment": "Side4",
    "from": [ 0, 2, 1 ],
    "to": [ 0.5, 3, 2 ],
    "faces": {
        "down":  { "uv": [ 1, 0, 2, 0.5 ], "rotation": 270, "texture": "#texture" },
        "up":    { "uv": [ 14, 0, 15, 0.5 ], "rotation": 270, "texture": "#texture", "cullface": "up" },
        "west":  { "uv": [ 14, 2, 15, 3 ], "rotation": 180, "texture": "#texture" },
        "east":  { "uv": [ 2, 3, 1, 2 ], "texture": "#texture" }
    }
},
{
    "__comment": "Side4",
    "from": [ 0, 1, 6 ],
    "to": [ 0.5, 6, 7 ],
    "faces": {
        "north": { "uv": [ 10, 0, 15, 0.5 ], "rotation": 90, "texture": "#texture" },
        "south": { "uv": [ 1, 0, 6, 0.5 ], "rotation": 270, "texture": "#texture" },
        "west":  { "uv": [ 9, 1, 10, 6 ], "rotation": 180, "texture": "#texture" },
        "east":  { "uv": [ 7, 6, 6, 1 ], "texture": "#texture" }
    }
},
{
    "__comment": "Side4",
    "from": [ 0, 1, 2 ],
    "to": [ 0.5, 15, 3 ],
    "faces": {
        "north": { "uv": [ 1, 0, 15, 0.5 ], "rotation": 90, "texture": "#texture" },
        "south": { "uv": [ 1, 0, 15, 0.5 ], "rotation": 270, "texture": "#texture" },
        "west":  { "uv": [ 13, 1, 14, 15 ], "rotation": 180, "texture": "#texture" },
        "east":  { "uv": [ 3, 15, 2, 1 ], "texture": "#texture" }
    }
},
{
    "__comment": "Side4",
    "from": [ 0, 1, 9 ],
    "to": [ 0.5, 6, 10 ],
    "faces": {
        "north": { "uv": [ 10, 0, 15, 0.5 ], "rotation": 90, "texture": "#texture" },
        "south": { "uv": [ 1, 0, 6, 0.5 ], "rotation": 270, "texture": "#texture" },
        "west":  { "uv": [ 6, 1, 7, 6 ], "rotation": 180, "texture": "#texture" },
        "east":  { "uv": [ 10, 6, 9, 1 ], "texture": "#texture" }
    }
},
{
    "__comment": "Side4",
    "from": [ 0, 9, 14 ],
    "to": [ 0.5, 10, 15 ],
    "faces": {
        "down":  { "uv": [ 14, 0, 15, 0.5 ], "rotation": 270, "texture": "#texture" },
        "up":    { "uv": [ 1, 0, 2, 0.5 ], "rotation": 270, "texture": "#texture", "cullface": "up" },
        "west":  { "uv": [ 1, 9, 2, 10 ], "rotation": 180, "texture": "#texture" },
        "east":  { "uv": [ 15, 10, 14, 9 ], "texture": "#texture" }
    }
},
{
    "__comment": "Side4",
    "from": [ 0, 13, 14 ],
    "to": [ 0.5, 14, 15 ],
    "faces": {
        "down":  { "uv": [ 14, 0, 15, 0.5 ], "rotation": 270, "texture": "#texture" },
        "up":    { "uv": [ 1, 0, 2, 0.5 ], "rotation": 270, "texture": "#texture", "cullface": "up" },
        "west":  { "uv": [ 1, 13, 2, 14 ], "rotation": 180, "texture": "#texture" },
        "east":  { "uv": [ 15, 14, 14, 13 ], "texture": "#texture" }
    }
},
{
    "__comment": "Side4",
    "from": [ 0, 6, 14 ],
    "to": [ 0.5, 7, 15 ],
    "faces": {
        "down":  { "uv": [ 14, 0, 15, 0.5 ], "rotation": 270, "texture": "#texture" },
        "up":    { "uv": [ 1, 0, 2, 0.5 ], "rotation": 270, "texture": "#texture", "cullface": "up" },
        "west":  { "uv": [ 1, 6, 2, 7 ], "rotation": 180, "texture": "#texture" },
        "east":  { "uv": [ 15, 7, 14, 6 ], "texture": "#texture" }
    }
},
{
    "__comment": "Side4",
    "from": [ 0, 1, 13 ],
    "to": [ 0.5, 15, 14 ],
    "faces": {
        "north": { "uv": [ 1, 0, 15, 0.5 ], "rotation": 90, "texture": "#texture" },
        "south": { "uv": [ 1, 0, 15, 0.5 ], "rotation": 270, "texture": "#texture" },
        "west":  { "uv": [ 2, 1, 3, 15 ], "rotation": 180, "texture": "#texture" },
        "east":  { "uv": [ 14, 15, 13, 1 ], "texture": "#texture" }
    }
},
{
    "__comment": "Side4",
    "from": [ 0, 2, 14 ],
    "to": [ 0.5, 3, 15 ],
    "faces": {
        "down":  { "uv": [ 14, 0, 15, 0.5 ], "rotation": 270, "texture": "#texture" },
        "up":    { "uv": [ 1, 0, 2, 0.5 ], "rotation": 270, "texture": "#texture", "cullface": "up" },
        "west":  { "uv": [ 1, 2, 2, 3 ], "rotation": 180, "texture": "#texture" },
        "east":  { "uv": [ 15, 3, 14, 2 ], "texture": "#texture" }
    }
},
{
    "__comment": "Side4",
    "from": [ 0, 1, 0 ],
    "to": [ 0.5, 15, 1 ],
    "faces": {
        "north": { "uv": [ 1, 0, 15, 0.5 ], "rotation": 90, "texture": "#texture" },
        "south": { "uv": [ 1, 0, 15, 0.5 ], "rotation": 270, "texture": "#texture" },
        "west":  { "uv": [ 15, 1, 16, 15 ], "rotation": 180, "texture": "#texture" },
        "east":  { "uv": [ 1, 15, 0, 1 ], "texture": "#texture", "cullface": "east" }
    }
},
{
    "__comment": "Side4",
    "from": [ 0, 1, 15 ],
    "to": [ 0.5, 15, 16 ],
    "faces": {
        "north": { "uv": [ 1, 0, 15, 0.5 ], "rotation": 90, "texture": "#texture" },
        "south": { "uv": [ 1, 0, 15, 0.5 ], "rotation": 270, "texture": "#texture" },
        "west":  { "uv": [ 0, 1, 1, 15 ], "rotation": 180, "texture": "#texture", "cullface": "west" },
        "east":  { "uv": [ 16, 15, 15, 1 ], "texture": "#texture" }
    }
},
{
    "__comment": "Side4",
    "from": [ 0, 15, 0 ],
    "to": [ 0.5, 16, 16 ],
    "faces": {
        "down":  { "uv": [ 0, 0, 16, 0.5 ], "rotation": 270, "texture": "#texture" },
        "up":    { "uv": [ 0, 0, 16, 0.5 ], "rotation": 270, "texture": "#texture", "cullface": "up" },
        "north": { "uv": [ 0, 0, 1, 0.5 ], "rotation": 90, "texture": "#texture" },
        "south": { "uv": [ 15, 0, 16, 0.5 ], "rotation": 270, "texture": "#texture", "cullface": "south" },
        "west":  { "uv": [ 0, 15, 16, 16 ], "rotation": 180, "texture": "#texture", "cullface": "west" },
        "east":  { "uv": [ 16, 16, 0, 15 ], "texture": "#texture", "cullface": "east" }
    }
},
{
    "__comment": "Side4",
    "from": [ 0, 0, 0 ],
    "to": [ 0.5, 1, 16 ],
    "faces": {
        "down":  { "uv": [ 0, 0, 16, 0.5 ], "rotation": 270, "texture": "#texture" },
        "up":    { "uv": [ 0, 0, 16, 0.5 ], "rotation": 270, "texture": "#texture", "cullface": "up" },
        "north": { "uv": [ 15, 0, 16, 0.5 ], "rotation": 90, "texture": "#texture", "cullface": "north" },
        "south": { "uv": [ 0, 0, 1, 0.5 ], "rotation": 270, "texture": "#texture" },
        "west":  { "uv": [ 0, 0, 16, 1 ], "rotation": 180, "texture": "#texture", "cullface": "west" },
        "east":  { "uv": [ 16, 1, 0, 0 ], "texture": "#texture", "cullface": "east" }
    }
},
{
    "__comment": "Side4",
    "from": [ 0, 10, 9 ],
    "to": [ 0.5, 15, 10 ],
    "faces": {
        "north": { "uv": [ 1, 0, 6, 0.5 ], "rotation": 90, "texture": "#texture" },
        "south": { "uv": [ 10, 0, 15, 0.5 ], "rotation": 270, "texture": "#texture" },
        "west":  { "uv": [ 6, 10, 7, 15 ], "rotation": 180, "texture": "#texture" },
        "east":  { "uv": [ 10, 15, 9, 10 ], "texture": "#texture" }
    }
},
{
    "__comment": "Side4",
    "from": [ 0, 10, 6 ],
    "to": [ 0.5, 15, 7 ],
    "faces": {
        "north": { "uv": [ 1, 0, 6, 0.5 ], "rotation": 90, "texture": "#texture" },
        "south": { "uv": [ 10, 0, 15, 0.5 ], "rotation": 270, "texture": "#texture" },
        "west":  { "uv": [ 9, 10, 10, 15 ], "rotation": 180, "texture": "#texture" },
        "east":  { "uv": [ 7, 15, 6, 10 ], "texture": "#texture" }
    }
},
{
    "__comment": "Side4",
    "from": [ 0, 10, 6 ],
    "to": [ 0.5, 15, 7 ],
    "faces": {
        "north": { "uv": [ 1, 0, 6, 0.5 ], "rotation": 90, "texture": "#texture" },
        "south": { "uv": [ 10, 0, 15, 0.5 ], "rotation": 270, "texture": "#texture" },
        "west":  { "uv": [ 9, 10, 10, 15 ], "rotation": 180, "texture": "#texture" },
        "east":  { "uv": [ 7, 15, 6, 10 ], "texture": "#texture" }
    }
},
{
    "__comment": "Side4",
    "from": [ 0, 6, 10 ],
    "to": [ 0.5, 10, 11 ],
    "faces": {
        "west":  { "uv": [ 5, 6, 6, 10 ], "rotation": 180, "texture": "#texture" },
        "east":  { "uv": [ 11, 10, 10, 6 ], "texture": "#texture" }
    }
},
{
    "__comment": "Side4",
    "from": [ 0, 6, 5 ],
    "to": [ 0.5, 10, 6 ],
    "faces": {
        "west":  { "uv": [ 10, 6, 11, 10 ], "rotation": 180, "texture": "#texture" },
        "east":  { "uv": [ 6, 10, 5, 6 ], "texture": "#texture" }
    }
},
{
    "__comment": "Side4",
    "from": [ 0, 5, 10 ],
    "to": [ 0.5, 6, 11 ],
    "faces": {
        "down":  { "uv": [ 10, 0, 11, 0.5 ], "rotation": 270, "texture": "#texture" },
        "west":  { "uv": [ 5, 5, 6, 6 ], "rotation": 180, "texture": "#texture" },
        "east":  { "uv": [ 11, 6, 10, 5 ], "texture": "#texture" }
    }
},
{
    "__comment": "Side4",
    "from": [ 0, 5, 5 ],
    "to": [ 0.5, 6, 6 ],
    "faces": {
        "down":  { "uv": [ 5, 0, 6, 0.5 ], "rotation": 270, "texture": "#texture" },
        "west":  { "uv": [ 10, 5, 11, 6 ], "rotation": 180, "texture": "#texture" },
        "east":  { "uv": [ 6, 6, 5, 5 ], "texture": "#texture" }
    }
},
{
    "__comment": "Side4",
    "from": [ 0, 10, 5 ],
    "to": [ 0.5, 11, 6 ],
    "faces": {
        "up":    { "uv": [ 10, 0, 11, 0.5 ], "rotation": 270, "texture": "#texture", "cullface": "up" },
        "west":  { "uv": [ 10, 10, 11, 11 ], "rotation": 180, "texture": "#texture" },
        "east":  { "uv": [ 6, 11, 5, 10 ], "texture": "#texture" }
    }
},
{
    "__comment": "Side4",
    "from": [ 0, 10, 10 ],
    "to": [ 0.5, 11, 11 ],
    "faces": {
        "up":    { "uv": [ 5, 0, 6, 0.5 ], "rotation": 270, "texture": "#texture", "cullface": "up" },
        "west":  { "uv": [ 5, 10, 6, 11 ], "rotation": 180, "texture": "#texture" },
        "east":  { "uv": [ 11, 11, 10, 10 ], "texture": "#texture" }
    }
}
]
}