{
"__comment": "Designed by Cookies160 with BDcraft Cubik PRO 0.76 Beta - http://bdcraft.net",
"textures": {
    "particle": "blocks/door_acacia_lower",
    "top": "blocks/door_acacia_upper"
},
"elements": [ 
{
    "from": [ 0, 0, 3 ],
    "to": [ 3, 1, 13 ],
    "faces": {
        "up":    { "uv": [ 16, 3, 13, 13 ], "texture": "#top" },
        "west":  { "uv": [ 3, 15, 13, 16 ], "texture": "#top" },
        "east":  { "uv": [ 13, 15, 3, 16 ], "texture": "#top" }
    }
},
{
    "from": [ 0, 0, 0 ],
    "to": [ 3, 13, 3 ],
    "faces": {
        "north": { "uv": [ 13.5, 2, 15.5, 15 ], "texture": "#top" },
        "south": { "uv": [ 13.5, 2, 15.5, 15 ], "texture": "#top" },
        "west":  { "uv": [ 0, 3, 3, 16 ], "texture": "#top" },
        "east":  { "uv": [ 3, 3, 0, 16 ], "texture": "#top" }
    }
},
{
    "from": [ 0, 13, 0 ],
    "to": [ 3, 16, 16 ],
    "faces": {
        "down":  { "uv": [ 0, 0.5, 16, 2.5 ], "rotation": 90, "texture": "#top" },
        "up":    { "uv": [ 0, 0.5, 16, 2.5 ], "rotation": 90, "texture": "#top" },
        "north": { "uv": [ 0.5, 14, 2.5, 11 ], "texture": "#top" },
        "south": { "uv": [ 0.5, 14, 2.5, 11 ], "texture": "#top" },
        "west":  { "uv": [ 0, 0, 16, 3 ], "texture": "#top" },
        "east":  { "uv": [ 16, 0, 0, 3 ], "texture": "#top" }
    }
},
{
    "from": [ 0, 0, 13 ],
    "to": [ 3, 13, 16 ],
    "faces": {
        "north": { "uv": [ 13.5, 4.5, 15.5, 15 ], "texture": "#top" },
        "south": { "uv": [ 13.5, 4.5, 15.5, 15 ], "texture": "#top" },
        "west":  { "uv": [ 13, 3, 16, 16 ], "texture": "#top" },
        "east":  { "uv": [ 16, 3, 13, 16 ], "texture": "#top" }
    }
},
{
    "from": [ 0, 1, 5 ],
    "to": [ 3, 13, 7 ],
    "faces": {
        "north": { "uv": [ 5, 3, 5.25, 15 ], "texture": "#top" },
        "south": { "uv": [ 5, 3, 5.25, 15 ], "texture": "#top" },
        "west":  { "uv": [ 5, 3, 7, 15 ], "texture": "#top" },
        "east":  { "uv": [ 7, 3, 5, 15 ], "texture": "#top" }
    }
},
{
    "from": [ 0, 1, 9 ],
    "to": [ 3, 13, 11 ],
    "faces": {
        "north": { "uv": [ 9, 3, 9.25, 15 ], "texture": "#top" },
        "south": { "uv": [ 9, 3, 9.25, 15 ], "texture": "#top" },
        "west":  { "uv": [ 9, 3, 11, 15 ], "texture": "#top" },
        "east":  { "uv": [ 11, 3, 9, 15 ], "texture": "#top" }
    }
}
]
}