{
"__comment": "Fair warning, this format is highly likely to change even more in the future!",
"textures": {
    "particle": "blocks/iron_bars",
    "down": "blocks/iron_bars",
    "up": "blocks/iron_bars",
    "north": "blocks/iron_bars",
    "south": "blocks/iron_bars",
    "west": "blocks/iron_bars",
    "east": "blocks/iron_bars"
},
"elements": [ 
{
    "from": [ 7, 0, 2 ],
    "to": [ 9, 16, 4 ],
    "faces": {
        "down":  { "uv": [ 7, 12, 9, 14 ], "texture": "#down", "cullface": "down" },
        "up":    { "uv": [ 7, 2, 9, 4 ], "texture": "#up", "cullface": "up" },
        "north": { "uv": [ 2, 0, 4, 16 ], "texture": "#north" },
        "south": { "uv": [ 2, 0, 4, 16 ], "texture": "#south" },
        "west":  { "uv": [ 2, 0, 4, 16 ], "texture": "#west" },
        "east":  { "uv": [ 4, 0, 2, 16 ], "texture": "#east" }
    }
},
{
    "from": [ 7, 0, 7 ],
    "to": [ 9, 16, 9 ],
    "faces": {
        "down":  { "uv": [ 7, 7, 9, 9 ], "texture": "#down", "cullface": "down" },
        "up":    { "uv": [ 7, 7, 9, 9 ], "texture": "#up", "cullface": "up" },
        "north": { "uv": [ 2, 0, 4, 16 ], "texture": "#north" },
        "south": { "uv": [ 2, 0, 4, 16 ], "texture": "#south" },
        "west":  { "uv": [ 7, 0, 9, 16 ], "texture": "#west" },
        "east":  { "uv": [ 9, 0, 7, 16 ], "texture": "#east" }
    }
},
{
    "from": [ 7, 0, 12 ],
    "to": [ 9, 16, 14 ],
    "faces": {
        "down":  { "uv": [ 7, 2, 9, 4 ], "texture": "#down", "cullface": "down" },
        "up":    { "uv": [ 7, 12, 9, 14 ], "texture": "#up", "cullface": "up" },
        "north": { "uv": [ 2, 0, 4, 16 ], "texture": "#north" },
        "south": { "uv": [ 2, 0, 4, 16 ], "texture": "#south" },
        "west":  { "uv": [ 12, 0, 14, 16 ], "texture": "#west" },
        "east":  { "uv": [ 14, 0, 12, 16 ], "texture": "#east" }
    }
},
{
    "from": [ 7, 7, 0 ],
    "to": [ 9, 9, 2 ],
    "faces": {
        "down":  { "uv": [ 7, 14, 9, 16 ], "texture": "#down" },
        "up":    { "uv": [ 7, 0, 9, 2 ], "texture": "#up" },
        "north": { "uv": [ 2, 0, 4, 16 ], "texture": "#north", "cullface": "north" },
        "west":  { "uv": [ 0, 7, 2, 9 ], "texture": "#west" },
        "east":  { "uv": [ 2, 7, 0, 9 ], "texture": "#east" }
    }
},
{
    "from": [ 12, 0, 7 ],
    "to": [ 14, 16, 9 ],
    "faces": {
        "down":  { "uv": [ 7, 7, 9, 9 ], "texture": "#down", "cullface": "down" },
        "up":    { "uv": [ 7, 7, 9, 9 ], "texture": "#up", "cullface": "up" },
        "north": { "uv": [ 2, 0, 4, 16 ], "texture": "#north" },
        "south": { "uv": [ 7, 0, 9, 16 ], "texture": "#south" },
        "west":  { "uv": [ 7, 0, 9, 16 ], "texture": "#west" },
        "east":  { "uv": [ 9, 0, 7, 16 ], "texture": "#east" }
    }
},
{
    "from": [ 7, 12, 4 ],
    "to": [ 9, 14, 7 ],
    "faces": {
        "down":  { "uv": [ 7, 9, 9, 12 ], "texture": "#down" },
        "up":    { "uv": [ 7, 4, 9, 7 ], "texture": "#up" },
        "west":  { "uv": [ 4, 2, 7, 4 ], "texture": "#west" },
        "east":  { "uv": [ 7, 2, 4, 4 ], "texture": "#east" }
    }
},
{
    "from": [ 7, 2, 9 ],
    "to": [ 9, 4, 12 ],
    "faces": {
        "down":  { "uv": [ 7, 4, 9, 7 ], "texture": "#down" },
        "up":    { "uv": [ 7, 9, 9, 12 ], "texture": "#up" },
        "west":  { "uv": [ 9, 12, 12, 14 ], "texture": "#west" },
        "east":  { "uv": [ 12, 12, 9, 14 ], "texture": "#east" }
    }
},
{
    "from": [ 7, 7, 14 ],
    "to": [ 9, 9, 16 ],
    "faces": {
        "down":  { "uv": [ 7, 0, 9, 2 ], "texture": "#down" },
        "up":    { "uv": [ 7, 14, 9, 16 ], "texture": "#up" },
        "south": { "uv": [ 2, 0, 4, 16 ], "texture": "#south", "cullface": "south" },
        "west":  { "uv": [ 14, 7, 16, 9 ], "texture": "#west" },
        "east":  { "uv": [ 16, 7, 14, 9 ], "texture": "#east" }
    }
},
{
    "from": [ 14, 7, 7 ],
    "to": [ 16, 9, 9 ],
    "faces": {
        "down":  { "uv": [ 7, 0, 9, 2 ], "texture": "#down" },
        "up":    { "uv": [ 7, 14, 9, 16 ], "texture": "#up" },
        "north": { "uv": [ 12, 12, 9, 14 ], "texture": "#north" },
        "south": { "uv": [ 7, 7, 9, 9 ], "texture": "#south" },
        "east":  { "uv": [ 16, 7, 14, 9 ], "texture": "#east", "cullface": "east" }
    }
},
{
    "from": [ 9, 12, 7 ],
    "to": [ 12, 14, 9 ],
    "faces": {
        "down":  { "uv": [ 7, 4, 9, 7 ], "rotation": 90, "texture": "#down" },
        "up":    { "uv": [ 7, 9, 9, 12 ], "rotation": 90, "texture": "#up" },
        "north": { "uv": [ 2, 5, 4, 8 ], "rotation": 90, "texture": "#north" },
        "south": { "uv": [ 9, 12, 12, 14 ], "texture": "#south" }
    }
}
]
}