{
"__comment": "Designed by Cookies160 with BDcraft Cubik PRO 0.76 Beta - http://bdcraft.net",
"ambientocclusion": true,
"textures": {
    "particle": "blocks/door_birch_lower",
    "texture": "blocks/door_birch_lower",
    "bottom": "blocks/door_birch_lower"
},
"elements": [ 
{
    "from": [ 1, 12, 3 ],
    "to": [ 2, 16, 13.5 ],
    "faces": {
        "down":  { "uv": [ 1, 13.5, 2, 3 ], "texture": "#bottom" },
        "up":    { "uv": [ 1, 3, 2, 13.5 ], "texture": "#bottom" },
        "north": { "uv": [ 14, 0, 15, 4 ], "texture": "#bottom" },
        "south": { "uv": [ 1, 0, 2, 4 ], "texture": "#bottom" },
        "west":  { "uv": [ 3, 0, 13.5, 4 ], "texture": "#bottom" },
        "east":  { "uv": [ 2.5, 0, 13, 4 ], "texture": "#bottom" }
    }
},
{
    "from": [ 0, 0, 0 ],
    "to": [ 3, 16, 3 ],
    "faces": {
        "down":  { "uv": [ 0, 3, 3, 0 ], "texture": "#texture" },
        "up":    { "uv": [ 0, 6, 3, 9 ], "texture": "#texture" },
        "north": { "uv": [ 16, 0, 13, 16 ], "texture": "#texture" },
        "south": { "uv": [ 1, 0, 3, 16 ], "texture": "#texture" },
        "west":  { "uv": [ 16, 0, 13, 16 ], "texture": "#texture" },
        "east":  { "uv": [ 13, 4.5, 16, 16 ], "texture": "#texture" }
    }
},
{
    "from": [ 0, 0, 13 ],
    "to": [ 1.5, 16, 16 ],
    "faces": {
        "down":  { "uv": [ 0, 15, 1.5, 12 ], "texture": "#texture" },
        "up":    { "uv": [ 0, 12, 1.5, 15 ], "texture": "#texture" },
        "north": { "uv": [ 14.5, 0, 16, 16 ], "texture": "#texture" },
        "south": { "uv": [ 3, 2.5, 1.5, 16 ], "texture": "#texture" },
        "west":  { "uv": [ 3, 0, 0, 16 ], "texture": "#texture" },
        "east":  { "uv": [ 3, 0, 0, 16 ], "texture": "#texture" }
    }
},
{
    "from": [ 0, 0, 3 ],
    "to": [ 3, 12, 13 ],
    "faces": {
        "down":  { "uv": [ 0, 10, 3, 1 ], "texture": "#texture" },
        "up":    { "uv": [ 0, 1, 3, 10 ], "texture": "#texture" },
        "north": { "uv": [ 13, 4, 16, 16 ], "texture": "#texture" },
        "south": { "uv": [ 0, 4, 3, 16 ], "texture": "#texture" },
        "west":  { "uv": [ 3, 4, 13, 16 ], "texture": "#texture" },
        "east":  { "uv": [ 3, 4, 13, 16 ], "texture": "#texture" }
    }
},
{
    "from": [ 1.5, 0, 13 ],
    "to": [ 3, 16, 16 ],
    "faces": {
        "down":  { "uv": [ 1.5, 16, 3, 13 ], "texture": "#texture" },
        "up":    { "uv": [ 1.5, 13, 3, 16 ], "texture": "#texture" },
        "north": { "uv": [ 13, 0, 14.5, 16 ], "texture": "#texture" },
        "south": { "uv": [ 1.5, 2.5, 3, 16 ], "texture": "#texture" },
        "west":  { "uv": [ 0, 0, 3, 16 ], "texture": "#texture" },
        "east":  { "uv": [ 0, 0, 3, 16 ], "texture": "#texture" }
    }
}
]
}