{
"__comment": "Designed by Cookies160 with BDcraft Cubik PRO 0.87 Beta - http://bdcraft.net",
"ambientocclusion": false,
"textures": {
    "particle": "blocks/brewing_stand",
    "base": "blocks/brewing_stand_base",
    "texture": "blocks/brewing_stand",
    "bewing_stand_overlay": "blocks/bewing_stand_overlay"
},
"elements": [ 
{
    "from": [ 0, 0, 0 ],
    "to": [ 16, 2, 16 ],
    "faces": {
        "down":  { "uv": [ 16, 16, 0, 0 ], "texture": "#base", "cullface": "down" },
        "up":    { "uv": [ 0, 0, 16, 16 ], "texture": "#base" },
        "north": { "uv": [ 0, 14, 16, 16 ], "texture": "#base", "cullface": "north" },
        "south": { "uv": [ 0, 14, 16, 16 ], "texture": "#base", "cullface": "south" },
        "west":  { "uv": [ 0, 14, 16, 16 ], "texture": "#base", "cullface": "west" },
        "east":  { "uv": [ 0, 14, 16, 16 ], "texture": "#base", "cullface": "east" }
    }
},
{
    "from": [ 7, 2, 7 ],
    "to": [ 9, 14, 9 ],
    "faces": {
        "up":    { "uv": [ 7, 7, 9, 9 ], "texture": "#texture" },
        "north": { "uv": [ 7, 2, 9, 14 ], "texture": "#texture" },
        "south": { "uv": [ 7, 2, 9, 14 ], "texture": "#texture" },
        "west":  { "uv": [ 7, 2, 9, 14 ], "texture": "#texture" },
        "east":  { "uv": [ 7, 2, 9, 14 ], "texture": "#texture" }
    }
},
{
    "from": [ 4, 12, 4.5 ],
    "to": [ 5, 13, 9.5 ],
    "rotation": { "origin": [ 4, 12, 4.5 ], "axis": "y", "angle": 45 },
    "faces": {
        "down":  { "uv": [ 8, 4, 3, 3 ], "rotation": 90, "texture": "#texture" },
        "up":    { "uv": [ 3, 3, 8, 4 ], "rotation": 90, "texture": "#texture" },
        "north": { "uv": [ 11, 3, 12, 4 ], "texture": "#texture" },
        "south": { "uv": [ 4, 3, 5, 4 ], "texture": "#texture" },
        "west":  { "uv": [ 3, 3, 8, 4 ], "texture": "#texture" },
        "east":  { "uv": [ 3, 3, 8, 4 ], "texture": "#texture" }
    }
},
{
    "from": [ 7.5, 12, 8.5 ],
    "to": [ 8.5, 13, 13.5 ],
    "rotation": { "origin": [ 7.5, 12, 8.5 ], "axis": "y", "angle": -45 },
    "faces": {
        "down":  { "uv": [ 8, 4, 3, 3 ], "rotation": 90, "texture": "#texture" },
        "up":    { "uv": [ 3, 3, 8, 4 ], "rotation": 90, "texture": "#texture" },
        "north": { "uv": [ 7.5, 3, 8.5, 4 ], "texture": "#texture" },
        "south": { "uv": [ 7.5, 3, 8.5, 4 ], "texture": "#texture" },
        "west":  { "uv": [ 8, 3, 13, 4 ], "texture": "#texture" },
        "east":  { "uv": [ 3, 3, 8, 4 ], "texture": "#texture" }
    }
},
{
    "from": [ 8.5, 12, 7.5 ],
    "to": [ 12.5, 13, 8.5 ],
    "faces": {
        "down":  { "uv": [ 7, 4, 3, 3 ], "texture": "#texture" },
        "up":    { "uv": [ 3, 3, 7, 4 ], "texture": "#texture" },
        "north": { "uv": [ 3, 3, 7, 4 ], "texture": "#texture" },
        "south": { "uv": [ 3, 3, 7, 4 ], "texture": "#texture" },
        "west":  { "uv": [ 7.5, 3, 8.5, 4 ], "texture": "#texture" },
        "east":  { "uv": [ 7.5, 3, 8.5, 4 ], "texture": "#texture" }
    }
},
{
    "from": [ 4, 9, 12 ],
    "to": [ 5, 12, 13 ],
    "rotation": { "origin": [ 4, 9, 12 ], "axis": "y", "angle": 45 },
    "faces": {
        "up":    { "uv": [ 3, 12.5, 4, 13.5 ], "texture": "#texture" },
        "north": { "uv": [ 12, 4, 13, 7 ], "texture": "#texture" },
        "south": { "uv": [ 3, 4, 4, 7 ], "texture": "#texture" },
        "west":  { "uv": [ 12, 4, 13, 7 ], "texture": "#texture" },
        "east":  { "uv": [ 3, 4, 4, 7 ], "texture": "#texture" }
    }
},
{
    "from": [ 4.3125, 13, 12.0625 ],
    "to": [ 4.8125, 16, 12.5625 ],
    "rotation": { "origin": [ 4.3125, 13, 12.0625 ], "axis": "y", "angle": 45 },
    "faces": {
        "down":  { "uv": [ 3.5, 0.5, 3, 0 ], "texture": "#texture" },
        "up":    { "uv": [ 3, 0, 3.5, 0.5 ], "texture": "#texture" },
        "north": { "uv": [ 3, 0, 3.5, 3 ], "texture": "#texture" },
        "south": { "uv": [ 3, 0, 3.5, 3 ], "texture": "#texture" },
        "west":  { "uv": [ 3, 0, 3.5, 3 ], "texture": "#texture" },
        "east":  { "uv": [ 3, 0, 3.5, 3 ], "texture": "#texture" }
    }
},
{
    "from": [ 4.375, 13, 4.5 ],
    "to": [ 4.875, 16, 5 ],
    "rotation": { "origin": [ 4.375, 13, 4.5 ], "axis": "y", "angle": 45 },
    "faces": {
        "down":  { "uv": [ 3.5, 0.5, 3, 0 ], "texture": "#texture" },
        "up":    { "uv": [ 3, 0, 3.5, 0.5 ], "texture": "#texture" },
        "north": { "uv": [ 3, 0, 3.5, 3 ], "texture": "#texture" },
        "south": { "uv": [ 3, 0, 3.5, 3 ], "texture": "#texture" },
        "west":  { "uv": [ 3, 0, 3.5, 3 ], "texture": "#texture" },
        "east":  { "uv": [ 3, 0, 3.5, 3 ], "texture": "#texture" }
    }
},
{
    "from": [ 11.75, 13, 7.75 ],
    "to": [ 12.25, 16, 8.25 ],
    "faces": {
        "down":  { "uv": [ 3.5, 0.5, 3, 0 ], "texture": "#texture" },
        "up":    { "uv": [ 3, 0, 3.5, 0.5 ], "texture": "#texture" },
        "north": { "uv": [ 3, 0, 3.5, 3 ], "texture": "#texture" },
        "south": { "uv": [ 3, 0, 3.5, 3 ], "texture": "#texture" },
        "west":  { "uv": [ 3, 0, 3.5, 3 ], "texture": "#texture" },
        "east":  { "uv": [ 3, 0, 3.5, 3 ], "texture": "#texture" }
    }
},
{
    "__comment": "Bottle2",
    "from": [ 4, 8, 3 ],
    "to": [ 6, 9, 5 ],
    "faces": {
        "down":  { "uv": [ 4.5, 8, 2.5, 7 ], "rotation": 270, "texture": "#texture" },
        "up":    { "uv": [ 2.5, 7, 4.5, 8 ], "rotation": 90, "texture": "#texture" },
        "north": { "uv": [ 2.5, 7, 4.5, 8 ], "texture": "#texture" },
        "south": { "uv": [ 2.5, 7, 4.5, 8 ], "texture": "#texture" },
        "west":  { "uv": [ 2.5, 7, 4.5, 8 ], "texture": "#texture" },
        "east":  { "uv": [ 2.5, 7, 4.5, 8 ], "texture": "#texture" }
    }
},
{
    "__comment": "Bottle2",
    "from": [ 3.5, 8, 2.5 ],
    "to": [ 6.5, 8.5, 5.5 ],
    "faces": {
        "down":  { "uv": [ 6, 7.5, 3, 7 ], "rotation": 270, "texture": "#bewing_stand_overlay" },
        "up":    { "uv": [ 3, 7, 6, 7.5 ], "rotation": 90, "texture": "#bewing_stand_overlay" },
        "north": { "uv": [ 3, 7.5, 6, 8 ], "texture": "#bewing_stand_overlay" },
        "south": { "uv": [ 3, 7.5, 6, 8 ], "texture": "#bewing_stand_overlay" },
        "west":  { "uv": [ 3, 7.5, 6, 8 ], "texture": "#bewing_stand_overlay" },
        "east":  { "uv": [ 3, 7.5, 6, 8 ], "texture": "#bewing_stand_overlay" }
    }
},
{
    "__comment": "Bottle2",
    "from": [ 4, 6.5, 3 ],
    "to": [ 6, 8, 5 ],
    "faces": {
        "north": { "uv": [ 3.5, 8, 5.5, 9.5 ], "texture": "#bewing_stand_overlay" },
        "south": { "uv": [ 3.5, 8, 5.5, 9.5 ], "texture": "#bewing_stand_overlay" },
        "west":  { "uv": [ 3.5, 8, 5.5, 9.5 ], "texture": "#bewing_stand_overlay" },
        "east":  { "uv": [ 3.5, 8, 5.5, 9.5 ], "texture": "#bewing_stand_overlay" }
    }
},
{
    "__comment": "Bottle2",
    "from": [ 3.5, 6, 2.5 ],
    "to": [ 6.5, 6.5, 5.5 ],
    "faces": {
        "up":    { "uv": [ 10.5, 11, 13.5, 14 ], "rotation": 90, "texture": "#bewing_stand_overlay" },
        "north": { "uv": [ 3, 9.5, 6, 10 ], "texture": "#bewing_stand_overlay" },
        "south": { "uv": [ 3, 9.5, 6, 10 ], "texture": "#bewing_stand_overlay" },
        "west":  { "uv": [ 3, 9.5, 6, 10 ], "texture": "#bewing_stand_overlay" },
        "east":  { "uv": [ 3, 9.5, 6, 10 ], "texture": "#bewing_stand_overlay" }
    }
},
{
    "__comment": "Bottle2",
    "from": [ 3, 5.5, 2 ],
    "to": [ 7, 6, 6 ],
    "faces": {
        "up":    { "uv": [ 9, 6, 13, 10 ], "rotation": 90, "texture": "#bewing_stand_overlay" },
        "north": { "uv": [ 2.5, 10, 6.5, 10.5 ], "texture": "#bewing_stand_overlay" },
        "south": { "uv": [ 2.5, 10, 6.5, 10.5 ], "texture": "#bewing_stand_overlay" },
        "west":  { "uv": [ 2.5, 10, 6.5, 10.5 ], "texture": "#bewing_stand_overlay" },
        "east":  { "uv": [ 2.5, 10, 6.5, 10.5 ], "texture": "#bewing_stand_overlay" }
    }
},
{
    "__comment": "Bottle2",
    "from": [ 2.5, 3, 1.5 ],
    "to": [ 7.5, 5.5, 6.5 ],
    "faces": {
        "down":  { "uv": [ 15, 15, 10, 10 ], "rotation": 270, "texture": "#bewing_stand_overlay" },
        "up":    { "uv": [ 9, 5.5, 14, 10.5 ], "rotation": 90, "texture": "#bewing_stand_overlay" },
        "north": { "uv": [ 2, 10.5, 7, 13 ], "texture": "#bewing_stand_overlay" },
        "south": { "uv": [ 2, 10.5, 7, 13 ], "texture": "#bewing_stand_overlay" },
        "west":  { "uv": [ 2, 10.5, 7, 13 ], "texture": "#bewing_stand_overlay" },
        "east":  { "uv": [ 2, 10.5, 7, 13 ], "texture": "#bewing_stand_overlay" }
    }
},
{
    "__comment": "Bottle2",
    "from": [ 3, 2.5, 2 ],
    "to": [ 7, 3, 6 ],
    "faces": {
        "down":  { "uv": [ 14.5, 14.5, 10.5, 10.5 ], "rotation": 270, "texture": "#bewing_stand_overlay" },
        "north": { "uv": [ 2.5, 13, 6.5, 13.5 ], "texture": "#bewing_stand_overlay" },
        "south": { "uv": [ 2.5, 13, 6.5, 13.5 ], "texture": "#bewing_stand_overlay" },
        "west":  { "uv": [ 2.5, 13, 6.5, 13.5 ], "texture": "#bewing_stand_overlay" },
        "east":  { "uv": [ 2.5, 13, 6.5, 13.5 ], "texture": "#bewing_stand_overlay" }
    }
},
{
    "__comment": "Bottle2",
    "from": [ 3.5, 2, 2.5 ],
    "to": [ 6.5, 2.5, 5.5 ],
    "faces": {
        "north": { "uv": [ 3, 13.5, 6, 14 ], "texture": "#bewing_stand_overlay" },
        "south": { "uv": [ 3, 13.5, 6, 14 ], "texture": "#bewing_stand_overlay" },
        "west":  { "uv": [ 3, 13.5, 6, 14 ], "texture": "#bewing_stand_overlay" },
        "east":  { "uv": [ 3, 13.5, 6, 14 ], "texture": "#bewing_stand_overlay" }
    }
},
{
    "__comment": "Bottle2",
    "from": [ 3, 3, 2 ],
    "to": [ 7, 5.5, 6 ],
    "faces": {
        "down":  { "uv": [ 5.5, 13, 1.5, 12.5 ], "rotation": 270, "texture": "#texture" },
        "up":    { "uv": [ 1.5, 12.5, 5.5, 13 ], "rotation": 90, "texture": "#texture" },
        "north": { "uv": [ 1.5, 10.5, 5.5, 13 ], "texture": "#texture" },
        "south": { "uv": [ 1.5, 10.5, 5.5, 13 ], "texture": "#texture" },
        "west":  { "uv": [ 1.5, 10.5, 5.5, 13 ], "texture": "#texture" },
        "east":  { "uv": [ 1.5, 10.5, 5.5, 13 ], "texture": "#texture" }
    }
},
{
    "__comment": "Bottle2",
    "from": [ 3.5, 2.5, 2.5 ],
    "to": [ 6.5, 3, 5.5 ],
    "faces": {
        "down":  { "uv": [ 5, 13.5, 2, 13 ], "rotation": 270, "texture": "#texture" },
        "north": { "uv": [ 2, 13, 5, 13.5 ], "texture": "#texture" },
        "south": { "uv": [ 2, 13, 5, 13.5 ], "texture": "#texture" },
        "west":  { "uv": [ 2, 13, 5, 13.5 ], "texture": "#texture" },
        "east":  { "uv": [ 2, 13, 5, 13.5 ], "texture": "#texture" }
    }
},
{
    "__comment": "Bottle2",
    "from": [ 3.5, 5.5, 2.5 ],
    "to": [ 6.5, 6, 5.5 ],
    "faces": {
        "up":    { "uv": [ 2, 10, 5, 10.5 ], "rotation": 90, "texture": "#texture" },
        "north": { "uv": [ 2, 10, 5, 10.5 ], "texture": "#texture" },
        "south": { "uv": [ 2, 10, 5, 10.5 ], "texture": "#texture" },
        "west":  { "uv": [ 2, 10, 5, 10.5 ], "texture": "#texture" },
        "east":  { "uv": [ 2, 10, 5, 10.5 ], "texture": "#texture" }
    }
},
{
    "__comment": "Bottle2",
    "from": [ 4, 6, 3 ],
    "to": [ 6, 6.5, 5 ],
    "faces": {
        "up":    { "uv": [ 2.5, 9.5, 4.5, 10 ], "rotation": 90, "texture": "#texture" },
        "north": { "uv": [ 2.5, 9.5, 4.5, 10 ], "texture": "#texture" },
        "south": { "uv": [ 2.5, 9.5, 4.5, 10 ], "texture": "#texture" },
        "west":  { "uv": [ 2.5, 9.5, 4.5, 10 ], "texture": "#texture" },
        "east":  { "uv": [ 2.5, 9.5, 4.5, 10 ], "texture": "#texture" }
    }
},
{
    "__comment": "Bottle2",
    "from": [ 4.5, 6.5, 3.5 ],
    "to": [ 5.5, 8, 4.5 ],
    "faces": {
        "north": { "uv": [ 3, 8, 4, 9.5 ], "texture": "#texture" },
        "south": { "uv": [ 3, 8, 4, 9.5 ], "texture": "#texture" },
        "west":  { "uv": [ 3, 8, 4, 9.5 ], "texture": "#texture" },
        "east":  { "uv": [ 3, 8, 4, 9.5 ], "texture": "#texture" }
    }
},
{
    "__comment": "Bottle2",
    "from": [ 4, 9, 4.5 ],
    "to": [ 5, 12, 5.5 ],
    "rotation": { "origin": [ 4, 9, 4.5 ], "axis": "y", "angle": 45 },
    "faces": {
        "up":    { "uv": [ 3, 12.5, 4, 13.5 ], "rotation": 90, "texture": "#texture" },
        "north": { "uv": [ 12, 4, 13, 7 ], "texture": "#texture" },
        "south": { "uv": [ 3, 4, 4, 7 ], "texture": "#texture" },
        "west":  { "uv": [ 3, 4, 4, 7 ], "texture": "#texture" },
        "east":  { "uv": [ 12, 4, 13, 7 ], "texture": "#texture" }
    }
},
{
    "__comment": "Bottle3",
    "from": [ 11, 8, 7 ],
    "to": [ 13, 9, 9 ],
    "faces": {
        "down":  { "uv": [ 4.5, 8, 2.5, 7 ], "rotation": 180, "texture": "#texture" },
        "up":    { "uv": [ 2.5, 7, 4.5, 8 ], "rotation": 180, "texture": "#texture" },
        "north": { "uv": [ 2.5, 7, 4.5, 8 ], "texture": "#texture" },
        "south": { "uv": [ 2.5, 7, 4.5, 8 ], "texture": "#texture" },
        "west":  { "uv": [ 2.5, 7, 4.5, 8 ], "texture": "#texture" },
        "east":  { "uv": [ 2.5, 7, 4.5, 8 ], "texture": "#texture" }
    }
},
{
    "__comment": "Bottle3",
    "from": [ 10.5, 8, 6.5 ],
    "to": [ 13.5, 8.5, 9.5 ],
    "faces": {
        "down":  { "uv": [ 6, 7.5, 3, 7 ], "rotation": 180, "texture": "#bewing_stand_overlay" },
        "up":    { "uv": [ 3, 7, 6, 7.5 ], "rotation": 180, "texture": "#bewing_stand_overlay" },
        "north": { "uv": [ 3, 7.5, 6, 8 ], "texture": "#bewing_stand_overlay" },
        "south": { "uv": [ 3, 7.5, 6, 8 ], "texture": "#bewing_stand_overlay" },
        "west":  { "uv": [ 3, 7.5, 6, 8 ], "texture": "#bewing_stand_overlay" },
        "east":  { "uv": [ 3, 7.5, 6, 8 ], "texture": "#bewing_stand_overlay" }
    }
},
{
    "__comment": "Bottle3",
    "from": [ 11, 6.5, 7 ],
    "to": [ 13, 8, 9 ],
    "faces": {
        "north": { "uv": [ 3.5, 8, 5.5, 9.5 ], "texture": "#bewing_stand_overlay" },
        "south": { "uv": [ 3.5, 8, 5.5, 9.5 ], "texture": "#bewing_stand_overlay" },
        "west":  { "uv": [ 3.5, 8, 5.5, 9.5 ], "texture": "#bewing_stand_overlay" },
        "east":  { "uv": [ 3.5, 8, 5.5, 9.5 ], "texture": "#bewing_stand_overlay" }
    }
},
{
    "__comment": "Bottle3",
    "from": [ 10.5, 6, 6.5 ],
    "to": [ 13.5, 6.5, 9.5 ],
    "faces": {
        "up":    { "uv": [ 10.5, 11, 13.5, 14 ], "rotation": 180, "texture": "#bewing_stand_overlay" },
        "north": { "uv": [ 3, 9.5, 6, 10 ], "texture": "#bewing_stand_overlay" },
        "south": { "uv": [ 3, 9.5, 6, 10 ], "texture": "#bewing_stand_overlay" },
        "west":  { "uv": [ 3, 9.5, 6, 10 ], "texture": "#bewing_stand_overlay" },
        "east":  { "uv": [ 3, 9.5, 6, 10 ], "texture": "#bewing_stand_overlay" }
    }
},
{
    "__comment": "Bottle3",
    "from": [ 10, 5.5, 6 ],
    "to": [ 14, 6, 10 ],
    "faces": {
        "up":    { "uv": [ 9, 6, 13, 10 ], "rotation": 180, "texture": "#bewing_stand_overlay" },
        "north": { "uv": [ 2.5, 10, 6.5, 10.5 ], "texture": "#bewing_stand_overlay" },
        "south": { "uv": [ 2.5, 10, 6.5, 10.5 ], "texture": "#bewing_stand_overlay" },
        "west":  { "uv": [ 2.5, 10, 6.5, 10.5 ], "texture": "#bewing_stand_overlay" },
        "east":  { "uv": [ 2.5, 10, 6.5, 10.5 ], "texture": "#bewing_stand_overlay" }
    }
},
{
    "__comment": "Bottle3",
    "from": [ 9.5, 3, 5.5 ],
    "to": [ 14.5, 5.5, 10.5 ],
    "faces": {
        "down":  { "uv": [ 15, 15, 10, 10 ], "rotation": 180, "texture": "#bewing_stand_overlay" },
        "up":    { "uv": [ 9, 5.5, 14, 10.5 ], "rotation": 180, "texture": "#bewing_stand_overlay" },
        "north": { "uv": [ 2, 10.5, 7, 13 ], "texture": "#bewing_stand_overlay" },
        "south": { "uv": [ 2, 10.5, 7, 13 ], "texture": "#bewing_stand_overlay" },
        "west":  { "uv": [ 2, 10.5, 7, 13 ], "texture": "#bewing_stand_overlay" },
        "east":  { "uv": [ 2, 10.5, 7, 13 ], "texture": "#bewing_stand_overlay" }
    }
},
{
    "__comment": "Bottle3",
    "from": [ 10, 2.5, 6 ],
    "to": [ 14, 3, 10 ],
    "faces": {
        "down":  { "uv": [ 14.5, 14.5, 10.5, 10.5 ], "rotation": 180, "texture": "#bewing_stand_overlay" },
        "north": { "uv": [ 2.5, 13, 6.5, 13.5 ], "texture": "#bewing_stand_overlay" },
        "south": { "uv": [ 2.5, 13, 6.5, 13.5 ], "texture": "#bewing_stand_overlay" },
        "west":  { "uv": [ 2.5, 13, 6.5, 13.5 ], "texture": "#bewing_stand_overlay" },
        "east":  { "uv": [ 2.5, 13, 6.5, 13.5 ], "texture": "#bewing_stand_overlay" }
    }
},
{
    "__comment": "Bottle3",
    "from": [ 10.5, 2, 6.5 ],
    "to": [ 13.5, 2.5, 9.5 ],
    "faces": {
        "north": { "uv": [ 3, 13.5, 6, 14 ], "texture": "#bewing_stand_overlay" },
        "south": { "uv": [ 3, 13.5, 6, 14 ], "texture": "#bewing_stand_overlay" },
        "west":  { "uv": [ 3, 13.5, 6, 14 ], "texture": "#bewing_stand_overlay" },
        "east":  { "uv": [ 3, 13.5, 6, 14 ], "texture": "#bewing_stand_overlay" }
    }
},
{
    "__comment": "Bottle3",
    "from": [ 10, 3, 6 ],
    "to": [ 14, 5.5, 10 ],
    "faces": {
        "down":  { "uv": [ 5.5, 13, 1.5, 12.5 ], "rotation": 180, "texture": "#texture" },
        "up":    { "uv": [ 1.5, 12.5, 5.5, 13 ], "rotation": 180, "texture": "#texture" },
        "north": { "uv": [ 1.5, 10.5, 5.5, 13 ], "texture": "#texture" },
        "south": { "uv": [ 1.5, 10.5, 5.5, 13 ], "texture": "#texture" },
        "west":  { "uv": [ 1.5, 10.5, 5.5, 13 ], "texture": "#texture" },
        "east":  { "uv": [ 1.5, 10.5, 5.5, 13 ], "texture": "#texture" }
    }
},
{
    "__comment": "Bottle3",
    "from": [ 10.5, 2.5, 6.5 ],
    "to": [ 13.5, 3, 9.5 ],
    "faces": {
        "down":  { "uv": [ 5, 13.5, 2, 13 ], "rotation": 180, "texture": "#texture" },
        "north": { "uv": [ 2, 13, 5, 13.5 ], "texture": "#texture" },
        "south": { "uv": [ 2, 13, 5, 13.5 ], "texture": "#texture" },
        "west":  { "uv": [ 2, 13, 5, 13.5 ], "texture": "#texture" },
        "east":  { "uv": [ 2, 13, 5, 13.5 ], "texture": "#texture" }
    }
},
{
    "__comment": "Bottle3",
    "from": [ 10.5, 5.5, 6.5 ],
    "to": [ 13.5, 6, 9.5 ],
    "faces": {
        "up":    { "uv": [ 2, 10, 5, 10.5 ], "rotation": 180, "texture": "#texture" },
        "north": { "uv": [ 2, 10, 5, 10.5 ], "texture": "#texture" },
        "south": { "uv": [ 2, 10, 5, 10.5 ], "texture": "#texture" },
        "west":  { "uv": [ 2, 10, 5, 10.5 ], "texture": "#texture" },
        "east":  { "uv": [ 2, 10, 5, 10.5 ], "texture": "#texture" }
    }
},
{
    "__comment": "Bottle3",
    "from": [ 11, 6, 7 ],
    "to": [ 13, 6.5, 9 ],
    "faces": {
        "up":    { "uv": [ 2.5, 9.5, 4.5, 10 ], "rotation": 180, "texture": "#texture" },
        "north": { "uv": [ 2.5, 9.5, 4.5, 10 ], "texture": "#texture" },
        "south": { "uv": [ 2.5, 9.5, 4.5, 10 ], "texture": "#texture" },
        "west":  { "uv": [ 2.5, 9.5, 4.5, 10 ], "texture": "#texture" },
        "east":  { "uv": [ 2.5, 9.5, 4.5, 10 ], "texture": "#texture" }
    }
},
{
    "__comment": "Bottle3",
    "from": [ 11.5, 6.5, 7.5 ],
    "to": [ 12.5, 8, 8.5 ],
    "faces": {
        "north": { "uv": [ 3, 8, 4, 9.5 ], "texture": "#texture" },
        "south": { "uv": [ 3, 8, 4, 9.5 ], "texture": "#texture" },
        "west":  { "uv": [ 3, 8, 4, 9.5 ], "texture": "#texture" },
        "east":  { "uv": [ 3, 8, 4, 9.5 ], "texture": "#texture" }
    }
},
{
    "__comment": "Bottle3",
    "from": [ 11.5, 9, 7.5 ],
    "to": [ 12.5, 12, 8.5 ],
    "faces": {
        "up":    { "uv": [ 3, 12.5, 4, 13.5 ], "rotation": 180, "texture": "#texture" },
        "north": { "uv": [ 3, 4, 4, 7 ], "texture": "#texture" },
        "south": { "uv": [ 12, 4, 13, 7 ], "texture": "#texture" },
        "west":  { "uv": [ 3, 4, 4, 7 ], "texture": "#texture" },
        "east":  { "uv": [ 12, 4, 13, 7 ], "texture": "#texture" }
    }
}
]
}