{
"__comment": "Designed by Sphax with BDcraft Cubik PRO 0.76 Beta - http://bdcraft.net",
"ambientocclusion": true,
"textures": {
    "particle": "blocks/door_dark_oak_lower",
    "texture": "blocks/door_dark_oak_lower"
},
"elements": [ 
{
    "from": [ 0, 0, 0 ],
    "to": [ 3, 16, 2.5 ],
    "faces": {
        "down":  { "uv": [ 0, 2.5, 3, 0 ], "texture": "#texture" },
        "up":    { "uv": [ 0, 0, 3, 2.5 ], "texture": "#texture" },
        "north": { "uv": [ 14, 0, 15.5, 15.5 ], "texture": "#texture" },
        "south": { "uv": [ 14, 0, 15.5, 15.5 ], "texture": "#texture" },
        "west":  { "uv": [ 16, 0, 13.5, 16 ], "texture": "#texture" },
        "east":  { "uv": [ 13.5, 0, 16, 16 ], "texture": "#texture" }
    }
},
{
    "from": [ 0, 0, 13.5 ],
    "to": [ 3, 16, 16 ],
    "faces": {
        "down":  { "uv": [ 0, 16, 3, 13.5 ], "texture": "#texture" },
        "up":    { "uv": [ 0, 13.5, 3, 16 ], "texture": "#texture" },
        "north": { "uv": [ 14, 0, 15.5, 15.5 ], "texture": "#texture" },
        "south": { "uv": [ 15.5, 0, 14, 15.5 ], "texture": "#texture" },
        "west":  { "uv": [ 2.5, 0, 0, 16 ], "texture": "#texture" },
        "east":  { "uv": [ 0, 0, 2.5, 16 ], "texture": "#texture" }
    }
},
{
    "from": [ 0, 0, 2.5 ],
    "to": [ 3, 2.5, 8 ],
    "faces": {
        "down":  { "uv": [ 0, 8, 3, 2.5 ], "texture": "#texture" },
        "up":    { "uv": [ 0, 2.5, 3, 8 ], "texture": "#texture" },
        "north": { "uv": [ 13, 13.5, 16, 16 ], "texture": "#texture" },
        "south": { "uv": [ 0, 13.5, 3, 16 ], "texture": "#texture" },
        "west":  { "uv": [ 3, 13.5, 8.5, 16 ], "texture": "#texture" },
        "east":  { "uv": [ 8, 13.5, 13.5, 16 ], "texture": "#texture" }
    }
},
{
    "from": [ 1, 2.5, 2.5 ],
    "to": [ 2, 14.5, 6.5 ],
    "faces": {
        "down":  { "uv": [ 1, 6.5, 2, 2.5 ], "texture": "#texture" },
        "up":    { "uv": [ 1, 2.5, 2, 6.5 ], "texture": "#texture" },
        "north": { "uv": [ 14, 1.5, 15, 13.5 ], "texture": "#texture" },
        "south": { "uv": [ 1, 1.5, 2, 13.5 ], "texture": "#texture" },
        "west":  { "uv": [ 2.5, 1.5, 6.5, 13.5 ], "texture": "#texture" },
        "east":  { "uv": [ 9.5, 1.5, 13.5, 13.5 ], "texture": "#texture" }
    }
},
{
    "from": [ 1, 2.5, 9.5 ],
    "to": [ 2, 14.5, 13.5 ],
    "faces": {
        "down":  { "uv": [ 1, 13.5, 2, 9.5 ], "texture": "#texture" },
        "up":    { "uv": [ 1, 9.5, 2, 13.5 ], "texture": "#texture" },
        "north": { "uv": [ 14, 1.5, 15, 13.5 ], "texture": "#texture" },
        "south": { "uv": [ 1, 1.5, 2, 13.5 ], "texture": "#texture" },
        "west":  { "uv": [ 6.5, 1.5, 2.5, 13.5 ], "texture": "#texture" },
        "east":  { "uv": [ 13.5, 1.5, 9.5, 13.5 ], "texture": "#texture" }
    }
},
{
    "from": [ 0, 2.5, 6.5 ],
    "to": [ 3, 14.5, 9.5 ],
    "faces": {
        "down":  { "uv": [ 0, 9.5, 3, 6.5 ], "texture": "#texture" },
        "up":    { "uv": [ 0, 6.5, 3, 9.5 ], "texture": "#texture" },
        "north": { "uv": [ 13, 1.5, 16, 13.5 ], "texture": "#texture" },
        "south": { "uv": [ 16, 1.5, 13, 13.5 ], "texture": "#texture" },
        "west":  { "uv": [ 9.5, 1.5, 6.5, 13.5 ], "texture": "#texture" },
        "east":  { "uv": [ 6.5, 1.5, 9.5, 13.5 ], "texture": "#texture" }
    }
},
{
    "from": [ 0, 14.5, 2.5 ],
    "to": [ 3, 16, 8 ],
    "faces": {
        "down":  { "uv": [ 0, 8, 3, 2.5 ], "texture": "#texture" },
        "up":    { "uv": [ 0, 2.5, 3, 8 ], "texture": "#texture" },
        "north": { "uv": [ 13, 0, 16, 1.5 ], "texture": "#texture" },
        "south": { "uv": [ 0, 0, 3, 1.5 ], "texture": "#texture" },
        "west":  { "uv": [ 13.5, 0, 8, 1.5 ], "texture": "#texture" },
        "east":  { "uv": [ 8, 0, 13.5, 1.5 ], "texture": "#texture" }
    }
},
{
    "from": [ 0, 0, 8 ],
    "to": [ 3, 2.5, 13.5 ],
    "faces": {
        "down":  { "uv": [ 0, 8, 3, 2.5 ], "texture": "#texture" },
        "up":    { "uv": [ 0, 2.5, 3, 8 ], "texture": "#texture" },
        "north": { "uv": [ 13, 13.5, 16, 16 ], "texture": "#texture" },
        "south": { "uv": [ 0, 13.5, 3, 16 ], "texture": "#texture" },
        "west":  { "uv": [ 8, 13.5, 13.5, 16 ], "texture": "#texture" },
        "east":  { "uv": [ 9.5, 13.5, 15, 16 ], "texture": "#texture" }
    }
},
{
    "from": [ 0, 14.5, 8 ],
    "to": [ 3, 16, 13.5 ],
    "faces": {
        "down":  { "uv": [ 0, 10, 3, 4.5 ], "texture": "#texture" },
        "up":    { "uv": [ 0, 4.5, 3, 10 ], "texture": "#texture" },
        "north": { "uv": [ 13, 0, 16, 1.5 ], "texture": "#texture" },
        "south": { "uv": [ 0, 0, 3, 1.5 ], "texture": "#texture" },
        "west":  { "uv": [ 8, 0, 2.5, 1.5 ], "texture": "#texture" },
        "east":  { "uv": [ 2.5, 0, 8, 1.5 ], "texture": "#texture" }
    }
}
]
}