{
"textures": {
    "particle": "blocks/rail_golden",
    "down": "blocks/rail_golden",
    "up": "blocks/rail_golden",
    "north": "blocks/rail_golden",
    "south": "blocks/rail_golden",
    "west": "blocks/rail_golden",
    "east": "blocks/rail_golden"
},
"elements": [ 
{
    "from": [ 1, 8, 15 ],
    "to": [ 15, 9, 17.5 ],
    "rotation": { "origin": [ 8, 9, 8 ], "axis": "x", "angle": -45 },
    "faces": {
        "down":  { "uv": [ 5, 13, 11, 15 ], "texture": "#down", "cullface": "false" },
        "up":    { "uv": [ 1, 13, 15, 15 ], "texture": "#up", "cullface": "false" },
        "north": { "uv": [ 6, 13, 10, 15 ], "texture": "#north", "cullface": "false" },
        "south": { "uv": [ 6, 13, 10, 15 ], "texture": "#south", "cullface": "false" },
        "west":  { "uv": [ 14, 13, 15, 15 ], "texture": "#west", "cullface": "false" },
        "east":  { "uv": [ 14, 13, 15, 15 ], "texture": "#east", "cullface": "false" }
    }
},
{
    "from": [ 1, 8, 9.5 ],
    "to": [ 15, 9, 12 ],
    "rotation": { "origin": [ 8, 9, 8 ], "axis": "x", "angle": -45 },
    "faces": {
        "down":  { "uv": [ 5, 9, 11, 11 ], "texture": "#down", "cullface": "false" },
        "up":    { "uv": [ 1, 9, 15, 11 ], "texture": "#up", "cullface": "false" },
        "north": { "uv": [ 6, 9, 10, 11 ], "texture": "#north", "cullface": "false" },
        "south": { "uv": [ 6, 9, 10, 11 ], "texture": "#south", "cullface": "false" },
        "west":  { "uv": [ 14, 9, 15, 11 ], "texture": "#west", "cullface": "false" },
        "east":  { "uv": [ 14, 9, 15, 11 ], "texture": "#east", "cullface": "false" }
    }
},
{
    "from": [ 1, 8, 4 ],
    "to": [ 15, 9, 6.5 ],
    "rotation": { "origin": [ 8, 9, 8 ], "axis": "x", "angle": -45 },
    "faces": {
        "down":  { "uv": [ 5, 5, 11, 7 ], "texture": "#down", "cullface": "false" },
        "up":    { "uv": [ 1, 5, 15, 7 ], "texture": "#up", "cullface": "false" },
        "north": { "uv": [ 6, 5, 10, 7 ], "texture": "#north", "cullface": "false" },
        "south": { "uv": [ 6, 5, 10, 7 ], "texture": "#south", "cullface": "false" },
        "west":  { "uv": [ 14, 1, 15, 3 ], "texture": "#west", "cullface": "false" },
        "east":  { "uv": [ 14, 5, 15, 7 ], "texture": "#east", "cullface": "false" }
    }
},
{
    "from": [ 1, 8, -1.5 ],
    "to": [ 15, 9, 1 ],
    "rotation": { "origin": [ 8, 9, 8 ], "axis": "x", "angle": -45 },
    "faces": {
        "down":  { "uv": [ 5, 1, 11, 3 ], "texture": "#down", "cullface": "false" },
        "up":    { "uv": [ 1, 1, 15, 3 ], "texture": "#up", "cullface": "false" },
        "north": { "uv": [ 6, 1, 10, 3 ], "texture": "#north", "cullface": "false" },
        "south": { "uv": [ 6, 1, 10, 3 ], "texture": "#south", "cullface": "false" },
        "west":  { "uv": [ 14, 1, 15, 3 ], "texture": "#west", "cullface": "false" },
        "east":  { "uv": [ 14, 1, 15, 3 ], "texture": "#east", "cullface": "false" }
    }
},
{
    "from": [ 11, 9, -3 ],
    "to": [ 12, 9.5, 19 ],
    "rotation": { "origin": [ 8, 9, 8 ], "axis": "x", "angle": -45 },
    "faces": {
        "down":  { "uv": [ 4, 0, 5, 16 ], "texture": "#down", "cullface": "false" },
        "up":    { "uv": [ 4, 0, 5, 16 ], "texture": "#up", "cullface": "false" },
        "north": { "uv": [ 4, 0, 5, 1 ], "texture": "#north", "cullface": "false" },
        "south": { "uv": [ 4, 0, 5, 1 ], "texture": "#south", "cullface": "false" },
        "west":  { "uv": [ 4, 0, 4.5, 16 ], "rotation": 270, "texture": "#west", "cullface": "false" },
        "east":  { "uv": [ 4, 0, 4.5, 16 ], "texture": "#east", "cullface": "false" }
    }
},
{
    "from": [ 4, 9, -3 ],
    "to": [ 5, 9.5, 19 ],
    "rotation": { "origin": [ 8, 9, 8 ], "axis": "x", "angle": -45 },
    "faces": {
        "down":  { "uv": [ 4, 0, 5, 16 ], "texture": "#down", "cullface": "false" },
        "up":    { "uv": [ 4, 0, 5, 16 ], "texture": "#up", "cullface": "false" },
        "north": { "uv": [ 4, 0, 5, 1 ], "texture": "#north", "cullface": "false" },
        "south": { "uv": [ 4, 0, 5, 1 ], "texture": "#south", "cullface": "false" },
        "west":  { "uv": [ 4, 0, 4.5, 16 ], "rotation": 90, "texture": "#west", "cullface": "false" },
        "east":  { "uv": [ 4, 0, 4.5, 16 ], "texture": "#east", "cullface": "false" }
    }
},
{
    "from": [ 12, 9, -3 ],
    "to": [ 14, 9.5, 19 ],
    "rotation": { "origin": [ 8, 9, 8 ], "axis": "x", "angle": -45 },
    "faces": {
        "down":  { "uv": [ 12, 0, 14, 16 ], "texture": "#down", "cullface": "false" },
        "up":    { "uv": [ 12, 0, 14, 16 ], "texture": "#up", "cullface": "false" },
        "north": { "uv": [ 2, 0, 4, 16 ], "texture": "#north", "cullface": "false" },
        "south": { "uv": [ 2, 0, 4, 16 ], "texture": "#south", "cullface": "false" },
        "west":  { "uv": [ 2, 0, 3, 16 ], "texture": "#west", "cullface": "false" },
        "east":  { "uv": [ 2, 0, 3, 16 ], "texture": "#east", "cullface": "false" }
    }
},
{
    "from": [ 2, 9, -3 ],
    "to": [ 4, 9.5, 19 ],
    "rotation": { "origin": [ 8, 9, 8 ], "axis": "x", "angle": -45 },
    "faces": {
        "down":  { "uv": [ 2, 0, 4, 16 ], "texture": "#down", "cullface": "false" },
        "up":    { "uv": [ 2, 0, 4, 16 ], "texture": "#up", "cullface": "false" },
        "north": { "uv": [ 2, 0, 4, 16 ], "texture": "#north", "cullface": "false" },
        "south": { "uv": [ 2, 0, 4, 16 ], "texture": "#south", "cullface": "false" },
        "west":  { "uv": [ 2, 0, 3, 16 ], "texture": "#west", "cullface": "false" },
        "east":  { "uv": [ 2, 0, 3, 16 ], "texture": "#east", "cullface": "false" }
    }
},
{
    "from": [ 7, 8, 1 ],
    "to": [ 9, 8.5, 4 ],
    "rotation": { "origin": [ 8, 9, 8 ], "axis": "x", "angle": -45 },
    "faces": {
        "down":  { "uv": [ 7, 5, 8, 3 ], "texture": "#down" },
        "up":    { "uv": [ 7, 3, 8, 5 ], "texture": "#up" },
        "north": { "uv": [ 8.5, 7.5, 7.5, 8 ], "texture": "#north" },
        "south": { "uv": [ 7.5, 7.5, 8.5, 8 ], "texture": "#south" },
        "west":  { "uv": [ 7, 7, 8, 9 ], "texture": "#west" },
        "east":  { "uv": [ 9, 7, 8, 9 ], "texture": "#east" }
    }
},
{
    "from": [ 7, 8, 6.5 ],
    "to": [ 9, 8.5, 9.5 ],
    "rotation": { "origin": [ 8, 9, 8 ], "axis": "x", "angle": -45 },
    "faces": {
        "down":  { "uv": [ 7, 5, 8, 3 ], "texture": "#down" },
        "up":    { "uv": [ 7, 3, 8, 5 ], "texture": "#up" },
        "north": { "uv": [ 8.5, 7.5, 7.5, 8 ], "texture": "#north" },
        "south": { "uv": [ 7.5, 7.5, 8.5, 8 ], "texture": "#south" },
        "west":  { "uv": [ 7, 7, 8, 9 ], "texture": "#west" },
        "east":  { "uv": [ 9, 7, 8, 9 ], "texture": "#east" }
    }
},
{
    "from": [ 7, 8, 12 ],
    "to": [ 9, 8.5, 15 ],
    "rotation": { "origin": [ 8, 9, 8 ], "axis": "x", "angle": -45 },
    "faces": {
        "down":  { "uv": [ 7, 5, 8, 3 ], "texture": "#down" },
        "up":    { "uv": [ 7, 3, 8, 5 ], "texture": "#up" },
        "north": { "uv": [ 8.5, 7.5, 7.5, 8 ], "texture": "#north" },
        "south": { "uv": [ 7.5, 7.5, 8.5, 8 ], "texture": "#south" },
        "west":  { "uv": [ 7, 7, 8, 9 ], "texture": "#west" },
        "east":  { "uv": [ 9, 7, 8, 9 ], "texture": "#east" }
    }
}
]
}