{
"__comment": "3D Mesh designed with BDcraft Cubik - Version PRO 0.65 Beta",
"textures": {
    "particle": "blocks/iron_trapdoor",
    "down": "blocks/iron_trapdoor",
    "up": "blocks/iron_trapdoor",
    "north": "blocks/iron_trapdoor",
    "south": "blocks/iron_trapdoor",
    "west": "blocks/iron_trapdoor",
    "east": "blocks/iron_trapdoor"
},
"elements": [ 
{
    "from": [ 0, 3, 0 ],
    "to": [ 2.5, 16, 3 ],
    "faces": {
        "up":    { "uv": [ 0, 0, 2.5, 3 ], "texture": "#up", "cullface": "false" },
        "north": { "uv": [ 2.5, 0, 0, 13 ], "texture": "#north", "cullface": "false" },
        "south": { "uv": [ 0, 0, 2.5, 13 ], "texture": "#south", "cullface": "false" },
        "west":  { "uv": [ 0, 0, 3, 13 ], "texture": "#west", "cullface": "false" },
        "east":  { "uv": [ 3, 0, 0, 13 ], "texture": "#east", "cullface": "false" }
    }
},
{
    "from": [ 2.5, 13, 0 ],
    "to": [ 16, 16, 3 ],
    "faces": {
        "down":  { "uv": [ 2.5, 0, 16, 3 ], "texture": "#down", "cullface": "false" },
        "up":    { "uv": [ 2.5, 0, 16, 3 ], "texture": "#up", "cullface": "false" },
        "north": { "uv": [ 16, 0, 2.5, 3 ], "texture": "#north", "cullface": "false" },
        "south": { "uv": [ 2.5, 0, 16, 3 ], "texture": "#south", "cullface": "false" },
        "east":  { "uv": [ 3, 0, 0, 3 ], "texture": "#east", "cullface": "false" }
    }
},
{
    "from": [ 13.5, 3, 0 ],
    "to": [ 16, 16, 3 ],
    "faces": {
        "up":    { "uv": [ 13.5, 0, 16, 3 ], "texture": "#up", "cullface": "false" },
        "north": { "uv": [ 16, 0, 13.5, 13 ], "texture": "#north", "cullface": "false" },
        "south": { "uv": [ 13.5, 0, 16, 13 ], "texture": "#south", "cullface": "false" },
        "west":  { "uv": [ 0, 0, 3, 13 ], "texture": "#west", "cullface": "false" },
        "east":  { "uv": [ 3, 0, 0, 13 ], "texture": "#east", "cullface": "false" }
    }
},
{
    "from": [ 0, 0, 0 ],
    "to": [ 16, 3, 3 ],
    "faces": {
        "down":  { "uv": [ 0, 0, 16, 3 ], "texture": "#down", "cullface": "false" },
        "up":    { "uv": [ 0, 0, 16, 3 ], "texture": "#up", "cullface": "false" },
        "north": { "uv": [ 16, 13, 0, 16 ], "texture": "#north", "cullface": "false" },
        "south": { "uv": [ 0, 13, 16, 16 ], "texture": "#south", "cullface": "false" },
        "west":  { "uv": [ 0, 13, 3, 16 ], "texture": "#west", "cullface": "false" },
        "east":  { "uv": [ 3, 13, 0, 16 ], "texture": "#east", "cullface": "false" }
    }
},
{
    "from": [ 2.5, 9.5, 1 ],
    "to": [ 6.5, 13, 2 ],
    "faces": {
        "north": { "uv": [ 6.5, 3, 2.5, 6.5 ], "texture": "#north", "cullface": "false" },
        "south": { "uv": [ 2.5, 3, 6.5, 6.5 ], "texture": "#south", "cullface": "false" }
    }
},
{
    "from": [ 6.5, 3, 0 ],
    "to": [ 9.5, 16, 3 ],
    "faces": {
        "up":    { "uv": [ 6.5, 0, 9.5, 3 ], "texture": "#up", "cullface": "false" },
        "north": { "uv": [ 9.5, 0, 6.5, 13 ], "texture": "#north", "cullface": "false" },
        "south": { "uv": [ 6.5, 0, 9.5, 13 ], "texture": "#south", "cullface": "false" },
        "west":  { "uv": [ 0, 0, 3, 13 ], "texture": "#west", "cullface": "false" },
        "east":  { "uv": [ 3, 0, 0, 13 ], "texture": "#east", "cullface": "false" }
    }
},
{
    "from": [ 2.5, 3, 1 ],
    "to": [ 6.5, 6.5, 2 ],
    "faces": {
        "north": { "uv": [ 6.5, 9.5, 2.5, 13 ], "texture": "#north", "cullface": "false" },
        "south": { "uv": [ 2.5, 9.5, 6.5, 13 ], "texture": "#south", "cullface": "false" }
    }
},
{
    "from": [ 9.5, 3, 1 ],
    "to": [ 13.5, 6.5, 2 ],
    "faces": {
        "north": { "uv": [ 13.5, 9.5, 9.5, 13 ], "texture": "#north", "cullface": "false" },
        "south": { "uv": [ 9.5, 9.5, 13.5, 13 ], "texture": "#south", "cullface": "false" }
    }
},
{
    "from": [ 9.5, 9.5, 1 ],
    "to": [ 13.5, 13, 2 ],
    "faces": {
        "north": { "uv": [ 13.5, 3, 9.5, 6.5 ], "texture": "#north", "cullface": "false" },
        "south": { "uv": [ 9.5, 3, 13.5, 6.5 ], "texture": "#south", "cullface": "false" }
    }
},
{
    "from": [ 2.5, 6.5, 0 ],
    "to": [ 13.5, 9.5, 3 ],
    "faces": {
        "down":  { "uv": [ 2.5, 0, 13.5, 3 ], "texture": "#down", "cullface": "false" },
        "up":    { "uv": [ 2.5, 0, 13.5, 3 ], "texture": "#up", "cullface": "false" },
        "north": { "uv": [ 13.5, 6.5, 2.5, 9.5 ], "texture": "#north", "cullface": "false" },
        "south": { "uv": [ 2.5, 6.5, 13.5, 9.5 ], "texture": "#south", "cullface": "false" }
    }
}
]
}