{
"__comment": "3D Mesh designed with BDcraft Cubik - Version PRO 0.65 Beta",
"textures": {
    "particle": "blocks/iron_trapdoor",
    "texture": "blocks/iron_trapdoor"
},
"elements": [ 
{
    "from": [ 0, 0, 13 ],
    "to": [ 16, 3, 16 ],
    "faces": {
        "down":  { "uv": [ 0, 16, 16, 13 ], "texture": "#texture" },
        "up":    { "uv": [ 0, 13, 16, 16 ], "texture": "#texture" },
        "north": { "uv": [ 0, 13, 16, 16 ], "texture": "#texture" },
        "south": { "uv": [ 0, 13, 16, 16 ], "texture": "#texture" },
        "west":  { "uv": [ 13, 13, 16, 16 ], "texture": "#texture" },
        "east":  { "uv": [ 0, 13, 3, 16 ], "texture": "#texture" }
    }
},
{
    "from": [ 0, 13, 13 ],
    "to": [ 16, 16, 16 ],
    "faces": {
        "down":  { "uv": [ 0, 16, 16, 13 ], "texture": "#texture" },
        "up":    { "uv": [ 0, 13, 16, 16 ], "texture": "#texture" },
        "north": { "uv": [ 0, 0, 16, 3 ], "texture": "#texture" },
        "south": { "uv": [ 0, 0, 16, 3 ], "texture": "#texture" },
        "west":  { "uv": [ 13, 0, 16, 3 ], "texture": "#texture" },
        "east":  { "uv": [ 0, 0, 3, 3 ], "texture": "#texture" }
    }
},
{
    "from": [ 13, 3, 13 ],
    "to": [ 16, 13, 16 ],
    "faces": {
        "north": { "uv": [ 0, 3, 3, 13 ], "texture": "#texture" },
        "south": { "uv": [ 13, 3, 16, 13 ], "texture": "#texture" },
        "west":  { "uv": [ 13, 3, 16, 13 ], "texture": "#texture" },
        "east":  { "uv": [ 0, 3, 3, 13 ], "texture": "#texture" }
    }
},
{
    "from": [ 0, 3, 13 ],
    "to": [ 3, 13, 16 ],
    "faces": {
        "north": { "uv": [ 13, 3, 16, 13 ], "texture": "#texture" },
        "south": { "uv": [ 0, 3, 3, 13 ], "texture": "#texture" },
        "west":  { "uv": [ 13, 3, 16, 13 ], "texture": "#texture" },
        "east":  { "uv": [ 0, 3, 3, 13 ], "texture": "#texture" }
    }
},
{
    "from": [ 6, 3, 13 ],
    "to": [ 10, 13, 16 ],
    "faces": {
        "north": { "uv": [ 6, 3, 10, 13 ], "texture": "#texture" },
        "south": { "uv": [ 6, 3, 10, 13 ], "texture": "#texture" },
        "west":  { "uv": [ 13, 3, 16, 13 ], "texture": "#texture" },
        "east":  { "uv": [ 0, 3, 3, 13 ], "texture": "#texture" }
    }
},
{
    "from": [ 10, 6.5, 13 ],
    "to": [ 13, 9.5, 16 ],
    "faces": {
        "down":  { "uv": [ 10, 16, 13, 13 ], "texture": "#texture" },
        "up":    { "uv": [ 10, 13, 13, 16 ], "texture": "#texture" },
        "north": { "uv": [ 3, 6.5, 6, 9.5 ], "texture": "#texture" },
        "south": { "uv": [ 10, 6.5, 13, 9.5 ], "texture": "#texture" }
    }
},
{
    "from": [ 3, 6.5, 13 ],
    "to": [ 6, 9.5, 16 ],
    "faces": {
        "down":  { "uv": [ 3, 16, 6, 13 ], "texture": "#texture" },
        "up":    { "uv": [ 3, 13, 6, 16 ], "texture": "#texture" },
        "north": { "uv": [ 10, 6.5, 13, 9.5 ], "texture": "#texture" },
        "south": { "uv": [ 3, 6.5, 6, 9.5 ], "texture": "#texture" }
    }
}
]
}