{
"__comment": "Fair warning, this format is highly likely to change even more in the future!",
"parent": "block/block_default",
"textures": {
    "particle": "blocks/jukebox_top",
    "down": "blocks/jukebox_top",
    "up": "blocks/jukebox_top",
    "north": "blocks/jukebox_side",
    "south": "blocks/jukebox_side",
    "west": "blocks/jukebox_side",
    "east": "blocks/jukebox_side"
},
"elements": [ 
{
    "from": [ 7, 14, 13 ],
    "to": [ 9, 16, 16 ],
    "faces": {
        "up":    { "uv": [ 7, 13, 9, 16 ], "texture": "#up", "cullface": "up" },
        "north": { "uv": [ 1, 0, 2, 1 ], "texture": "#north" },
        "south": { "uv": [ 7, 0, 9, 2 ], "texture": "#south", "cullface": "south" }
    }
},
{
    "from": [ 7, 14, 0 ],
    "to": [ 9, 16, 3 ],
    "faces": {
        "up":    { "uv": [ 7, 0, 9, 3 ], "texture": "#up", "cullface": "up" },
        "north": { "uv": [ 7, 0, 9, 2 ], "texture": "#north", "cullface": "north" },
        "south": { "uv": [ 1, 0, 2, 1 ], "texture": "#south" }
    }
},
{
    "from": [ 9, 14, 0 ],
    "to": [ 16, 16, 16 ],
    "faces": {
        "up":    { "uv": [ 9, 0, 16, 16 ], "texture": "#up", "cullface": "up" },
        "north": { "uv": [ 16, 0, 9, 2 ], "texture": "#north", "cullface": "north" },
        "south": { "uv": [ 9, 0, 16, 2 ], "texture": "#south", "cullface": "south" },
        "west":  { "uv": [ 1, 0, 2, 1 ], "texture": "#west" },
        "east":  { "uv": [ 0, 0, 16, 2 ], "texture": "#east", "cullface": "east" }
    }
},
{
    "from": [ 0, 14, 0 ],
    "to": [ 7, 16, 16 ],
    "faces": {
        "up":    { "uv": [ 0, 0, 7, 16 ], "texture": "#up", "cullface": "up" },
        "north": { "uv": [ 9, 0, 16, 2 ], "texture": "#north", "cullface": "north" },
        "south": { "uv": [ 16, 0, 9, 2 ], "texture": "#south", "cullface": "south" },
        "west":  { "uv": [ 0, 0, 16, 2 ], "texture": "#west", "cullface": "west" },
        "east":  { "uv": [ 1, 0, 2, 1 ], "texture": "#east" }
    }
},
{
    "from": [ 0, 0, 0 ],
    "to": [ 16, 14, 16 ],
    "faces": {
        "down":  { "uv": [ 0, 0, 16, 16 ], "texture": "#down", "cullface": "down" },
        "up":    { "uv": [ 0, 0, 16, 16 ], "texture": "#up" },
        "north": { "uv": [ 0, 2, 16, 16 ], "texture": "#north", "cullface": "north" },
        "south": { "uv": [ 0, 2, 16, 16 ], "texture": "#south", "cullface": "south" },
        "west":  { "uv": [ 0, 2, 16, 16 ], "texture": "#west", "cullface": "west" },
        "east":  { "uv": [ 0, 2, 16, 16 ], "texture": "#east", "cullface": "east" }
    }
}
]
}