{
"__comment": "Designed by Sphax with BDcraft Cubik PRO 0.76 Beta - http://bdcraft.net",
"ambientocclusion": true,
"textures": {
    "particle": "blocks/door_jungle_upper",
    "texture": "blocks/door_jungle_upper",
    "door_jungle_lower": "blocks/door_jungle_lower"
},
"elements": [ 
{
    "from": [ 0, 9, 11.5 ],
    "to": [ 3, 10.5, 12 ],
    "faces": {
        "down":  { "uv": [ 0, 12, 3, 11.5 ], "texture": "#texture" },
        "up":    { "uv": [ 0, 11.5, 3, 12 ], "texture": "#texture" },
        "north": { "uv": [ 13, 5.5, 16, 7 ], "texture": "#texture" },
        "south": { "uv": [ 0, 5.5, 3, 7 ], "texture": "#texture" },
        "west":  { "uv": [ 4, 5.5, 4.5, 7 ], "texture": "#texture" },
        "east":  { "uv": [ 4, 5.5, 4.5, 7 ], "texture": "#texture" }
    }
},
{
    "from": [ 0, 9, 4 ],
    "to": [ 3, 10.5, 4.5 ],
    "faces": {
        "down":  { "uv": [ 0, 4.5, 3, 4 ], "texture": "#texture" },
        "up":    { "uv": [ 0, 4, 3, 4.5 ], "texture": "#texture" },
        "north": { "uv": [ 13, 5.5, 16, 7 ], "texture": "#texture" },
        "south": { "uv": [ 0, 6, 3, 7.5 ], "texture": "#texture" },
        "west":  { "uv": [ 4, 5.5, 4.5, 7 ], "texture": "#texture" },
        "east":  { "uv": [ 4.5, 5.5, 4, 7 ], "texture": "#texture" }
    }
},
{
    "from": [ 0, 10.5, 11 ],
    "to": [ 3, 11.5, 12 ],
    "faces": {
        "down":  { "uv": [ 0, 12, 3, 11 ], "texture": "#texture" },
        "up":    { "uv": [ 0, 11, 3, 12 ], "texture": "#texture" },
        "north": { "uv": [ 13, 4.5, 16, 5.5 ], "texture": "#texture" },
        "south": { "uv": [ 0, 4.5, 3, 5.5 ], "texture": "#texture" },
        "west":  { "uv": [ 11, 4.5, 12, 5.5 ], "texture": "#texture" },
        "east":  { "uv": [ 12, 4.5, 11, 5.5 ], "texture": "#texture" }
    }
},
{
    "from": [ 0, 11.5, 4 ],
    "to": [ 3, 12, 5.5 ],
    "faces": {
        "down":  { "uv": [ 0, 5.5, 3, 4 ], "texture": "#texture" },
        "up":    { "uv": [ 0, 4, 3, 5.5 ], "texture": "#texture" },
        "north": { "uv": [ 13, 4, 16, 4.5 ], "texture": "#texture" },
        "south": { "uv": [ 0, 3.5, 3, 4 ], "texture": "#texture" },
        "west":  { "uv": [ 4, 4, 5.5, 4.5 ], "texture": "#texture" },
        "east":  { "uv": [ 5.5, 4, 4, 4.5 ], "texture": "#texture" }
    }
},
{
    "from": [ 0, 11.5, 10.5 ],
    "to": [ 3, 12, 12 ],
    "faces": {
        "down":  { "uv": [ 0, 12, 3, 10.5 ], "texture": "#texture" },
        "up":    { "uv": [ 0, 10.5, 3, 12 ], "texture": "#texture" },
        "north": { "uv": [ 13, 4, 16, 4.5 ], "texture": "#texture" },
        "south": { "uv": [ 0, 4, 3, 4.5 ], "texture": "#texture" },
        "west":  { "uv": [ 10.5, 4, 12, 4.5 ], "texture": "#texture" },
        "east":  { "uv": [ 12, 4, 10.5, 4.5 ], "texture": "#texture" }
    }
},
{
    "from": [ 0, 10.5, 4 ],
    "to": [ 3, 11.5, 5 ],
    "faces": {
        "down":  { "uv": [ 0, 5, 3, 4 ], "texture": "#texture" },
        "up":    { "uv": [ 0, 4, 3, 5 ], "texture": "#texture" },
        "north": { "uv": [ 13, 4.5, 16, 5.5 ], "texture": "#texture" },
        "south": { "uv": [ 0, 6, 3, 7 ], "texture": "#texture" },
        "west":  { "uv": [ 4, 4.5, 5, 5.5 ], "texture": "#texture" },
        "east":  { "uv": [ 5, 4.5, 4, 5.5 ], "texture": "#texture" }
    }
},
{
    "from": [ 0, 12, 4 ],
    "to": [ 3, 12.5, 6 ],
    "faces": {
        "down":  { "uv": [ 0, 6, 3, 4 ], "texture": "#texture" },
        "up":    { "uv": [ 0, 4, 3, 6 ], "texture": "#texture" },
        "north": { "uv": [ 13, 3.5, 16, 4 ], "texture": "#texture" },
        "south": { "uv": [ 0, 3.5, 3, 4 ], "texture": "#texture" },
        "west":  { "uv": [ 4, 3.5, 6, 4 ], "texture": "#texture" },
        "east":  { "uv": [ 6, 3.5, 4, 4 ], "texture": "#texture" }
    }
},
{
    "from": [ 0, 12, 10 ],
    "to": [ 3, 12.5, 12 ],
    "faces": {
        "down":  { "uv": [ 0, 12, 3, 10 ], "texture": "#texture" },
        "up":    { "uv": [ 0, 10, 3, 12 ], "texture": "#texture" },
        "north": { "uv": [ 13, 3.5, 16, 4 ], "texture": "#texture" },
        "south": { "uv": [ 0, 3.5, 3, 4 ], "texture": "#texture" },
        "west":  { "uv": [ 10, 3.5, 12, 4 ], "texture": "#texture" },
        "east":  { "uv": [ 12, 3.5, 10, 4 ], "texture": "#texture" }
    }
},
{
    "from": [ 0, 12.5, 9 ],
    "to": [ 3, 13, 12 ],
    "faces": {
        "down":  { "uv": [ 0, 12, 3, 9 ], "texture": "#texture" },
        "up":    { "uv": [ 0, 9, 3, 12 ], "texture": "#texture" },
        "north": { "uv": [ 13, 3, 16, 3.5 ], "texture": "#texture" },
        "south": { "uv": [ 0, 3, 3, 3.5 ], "texture": "#texture" },
        "west":  { "uv": [ 9, 3, 12, 3.5 ], "texture": "#texture" },
        "east":  { "uv": [ 12, 3, 9, 3.5 ], "texture": "#texture" }
    }
},
{
    "from": [ 0, 12.5, 4 ],
    "to": [ 3, 13, 7 ],
    "faces": {
        "down":  { "uv": [ 0, 7, 3, 4 ], "texture": "#texture" },
        "up":    { "uv": [ 0, 4, 3, 7 ], "texture": "#texture" },
        "north": { "uv": [ 13, 3, 16, 3.5 ], "texture": "#texture" },
        "south": { "uv": [ 0, 3, 3, 3.5 ], "texture": "#texture" },
        "west":  { "uv": [ 4, 3, 7, 3.5 ], "texture": "#texture" },
        "east":  { "uv": [ 7, 3, 4, 3.5 ], "texture": "#texture" }
    }
},
{
    "from": [ 0, 13, 4 ],
    "to": [ 3, 16, 12 ],
    "faces": {
        "down":  { "uv": [ 16, 12, 13, 4 ], "texture": "#texture" },
        "up":    { "uv": [ 16, 4, 13, 12 ], "texture": "#texture" },
        "north": { "uv": [ 13, 0, 16, 3 ], "texture": "#texture" },
        "south": { "uv": [ 0, 0, 3, 3 ], "texture": "#texture" },
        "west":  { "uv": [ 4, 0, 12, 3 ], "texture": "#texture" },
        "east":  { "uv": [ 12, 0, 4, 3 ], "texture": "#texture" }
    }
},
{
    "from": [ 0, 0, 4 ],
    "to": [ 3, 6, 12 ],
    "faces": {
        "down":  { "uv": [ 0, 12, 3, 4 ], "texture": "#texture" },
        "up":    { "uv": [ 16, 4, 13, 12 ], "texture": "#texture" },
        "north": { "uv": [ 13, 10, 16, 16 ], "texture": "#texture" },
        "south": { "uv": [ 0, 10, 3, 16 ], "texture": "#texture" },
        "west":  { "uv": [ 4, 10, 12, 16 ], "texture": "#texture" },
        "east":  { "uv": [ 12, 10, 4, 16 ], "texture": "#texture" }
    }
},
{
    "from": [ 0, 0, 0 ],
    "to": [ 3, 16, 4 ],
    "faces": {
        "down":  { "uv": [ 0, 4, 3, 0 ], "texture": "#texture" },
        "up":    { "uv": [ 16, 0, 13, 4 ], "texture": "#texture" },
        "north": { "uv": [ 13, 0, 16, 16 ], "texture": "#door_jungle_lower" },
        "south": { "uv": [ 0, 0, 3, 16 ], "texture": "#texture" },
        "west":  { "uv": [ 0, 0, 4, 16 ], "texture": "#texture" },
        "east":  { "uv": [ 4, 0, 0, 16 ], "texture": "#texture" }
    }
},
{
    "from": [ 0, 0, 12 ],
    "to": [ 3, 16, 16 ],
    "faces": {
        "down":  { "uv": [ 16, 0, 13, 4 ], "texture": "#texture" },
        "up":    { "uv": [ 16, 4, 13, 0 ], "texture": "#texture" },
        "north": { "uv": [ 13, 0, 16, 16 ], "texture": "#door_jungle_lower" },
        "south": { "uv": [ 13, 0, 16, 16 ], "texture": "#door_jungle_lower" },
        "west":  { "uv": [ 12, 0, 16, 16 ], "texture": "#texture" },
        "east":  { "uv": [ 16, 0, 12, 16 ], "texture": "#texture" }
    }
}
]
}