{
    "__createdwith": "BDcraft Cubik",
    "ambientocclusion": false,
    "textures": {
		"particle":"blocks/ladder",
        "planks_oak": "blocks/planks_oak"
    },
    "elements": [
        {
            "from": [0.5,13,14],
            "to": [15.5,15,16],
            "faces": {
                "up": {
                    "texture": "#planks_oak"
                },
                "down": {
                    "texture": "#planks_oak"
                },
                "west": {
                    "texture": "#planks_oak"
                },
                "east": {
                    "texture": "#planks_oak"
                },
                "north": {
                    "texture": "#planks_oak"
                },
                "south": {
                    "uv": [0,4.5,16,5.75],
                    "texture": "#planks_oak"
                }
            }
        },
        {
            "from": [0.5,9,14],
            "to": [15.5,11,16],
            "faces": {
                "up": {
                    "texture": "#planks_oak"
                },
                "down": {
                    "texture": "#planks_oak"
                },
                "west": {
                    "texture": "#planks_oak"
                },
                "east": {
                    "texture": "#planks_oak"
                },
                "north": {
                    "texture": "#planks_oak"
                },
                "south": {
                    "texture": "#planks_oak"
                }
            }
        },
        {
            "from": [0.5,1,14],
            "to": [15.5,3,16],
            "faces": {
                "up": {
                    "texture": "#planks_oak"
                },
                "down": {
                    "texture": "#planks_oak"
                },
                "west": {
                    "texture": "#planks_oak"
                },
                "east": {
                    "texture": "#planks_oak"
                },
                "north": {
                    "texture": "#planks_oak"
                },
                "south": {
                    "texture": "#planks_oak"
                }
            }
        },
        {
            "from": [0.5,5,14],
            "to": [15.5,7,16],
            "faces": {
                "up": {
                    "texture": "#planks_oak"
                },
                "down": {
                    "texture": "#planks_oak"
                },
                "west": {
                    "texture": "#planks_oak"
                },
                "east": {
                    "texture": "#planks_oak"
                },
                "north": {
                    "texture": "#planks_oak"
                },
                "south": {
                    "texture": "#planks_oak"
                }
            }
        },
        {
            "from": [2.5,0,14.5],
            "to": [4.5,16,16],
            "faces": {
                "up": {
                    "texture": "#planks_oak"
                },
                "down": {
                    "texture": "#planks_oak"
                },
                "west": {
                    "texture": "#planks_oak"
                },
                "east": {
                    "texture": "#planks_oak"
                },
                "north": {
                    "texture": "#planks_oak"
                },
                "south": {
                    "texture": "#planks_oak"
                }
            }
        },
        {
            "from": [12,0,14.5],
            "to": [14,16,16],
            "faces": {
                "up": {
                    "texture": "#planks_oak"
                },
                "down": {
                    "texture": "#planks_oak"
                },
                "west": {
                    "texture": "#planks_oak"
                },
                "east": {
                    "texture": "#planks_oak"
                },
                "north": {
                    "texture": "#planks_oak"
                },
                "south": {
                    "texture": "#planks_oak"
                }
            }
        }
    ]
}