{
"__comment": "Fair warning, this format is highly likely to change even more in the future!",
"parent": "block/block_default",
"textures": {
    "particle": "blocks/furnace_front_off",
    "down": "blocks/furnace_top",
    "up": "blocks/furnace_top",
    "north": "blocks/furnace_front_on",
    "south": "blocks/furnace_side",
    "west": "blocks/furnace_side",
    "east": "blocks/furnace_side"
},
"elements": [ 
{
    "from": [ 3, 2.5, 0 ],
    "to": [ 3.5, 3.5, 1 ],
    "faces": {
        "down":  { "uv": [ 3, 1, 3.5, 0 ], "texture": "#down" },
        "north": { "uv": [ 12.5, 12.5, 13, 13.5 ], "texture": "#north", "cullface": "north" },
        "east":  { "uv": [ 15, 12.5, 16, 13.5 ], "texture": "#east" }
    }
},
{
    "from": [ 12.5, 2.5, 0 ],
    "to": [ 13, 3.5, 1 ],
    "faces": {
        "down":  { "uv": [ 12.5, 1, 13, 0 ], "texture": "#down" },
        "north": { "uv": [ 3, 12.5, 3.5, 13.5 ], "texture": "#north", "cullface": "north" },
        "west":  { "uv": [ 0, 12.5, 1, 13.5 ], "texture": "#west" }
    }
},
{
    "from": [ 4, 4, 0 ],
    "to": [ 5, 4.5, 1 ],
    "faces": {
        "down":  { "uv": [ 4, 1, 5, 0 ], "texture": "#down" },
        "north": { "uv": [ 11, 11.5, 12, 12 ], "texture": "#north", "cullface": "north" },
        "east":  { "uv": [ 15, 11.5, 16, 12 ], "texture": "#east" }
    }
},
{
    "from": [ 4, 4.5, 0 ],
    "to": [ 6, 5, 1 ],
    "faces": {
        "down":  { "uv": [ 4, 1, 6, 0 ], "texture": "#down" },
        "north": { "uv": [ 10, 11, 12, 11.5 ], "texture": "#north", "cullface": "north" },
        "east":  { "uv": [ 15, 11, 16, 11.5 ], "texture": "#east" }
    }
},
{
    "from": [ 11, 4, 0 ],
    "to": [ 12, 4.5, 1 ],
    "faces": {
        "down":  { "uv": [ 11, 1, 12, 0 ], "texture": "#down" },
        "north": { "uv": [ 4, 11.5, 5, 12 ], "texture": "#north", "cullface": "north" },
        "west":  { "uv": [ 0, 11.5, 1, 12 ], "texture": "#west" }
    }
},
{
    "from": [ 11.5, 11, 0 ],
    "to": [ 12, 12, 1 ],
    "faces": {
        "down":  { "uv": [ 11.5, 1, 12, 0 ], "texture": "#down" },
        "north": { "uv": [ 4, 4, 4.5, 5 ], "texture": "#north", "cullface": "north" },
        "west":  { "uv": [ 0, 4, 1, 5 ], "texture": "#west" }
    }
},
{
    "from": [ 11, 11.5, 0 ],
    "to": [ 11.5, 12, 1 ],
    "faces": {
        "down":  { "uv": [ 11, 1, 11.5, 0 ], "texture": "#down" },
        "north": { "uv": [ 4.5, 4, 5, 4.5 ], "texture": "#north", "cullface": "north" },
        "west":  { "uv": [ 0, 4, 1, 4.5 ], "texture": "#west" }
    }
},
{
    "from": [ 4.5, 11.5, 0 ],
    "to": [ 5, 12, 1 ],
    "faces": {
        "down":  { "uv": [ 4.5, 1, 5, 0 ], "texture": "#down" },
        "north": { "uv": [ 11, 4, 11.5, 4.5 ], "texture": "#north", "cullface": "north" },
        "east":  { "uv": [ 15, 4, 16, 4.5 ], "texture": "#east" }
    }
},
{
    "from": [ 4, 11, 0 ],
    "to": [ 4.5, 12, 1 ],
    "faces": {
        "down":  { "uv": [ 4, 1, 4.5, 0 ], "texture": "#down" },
        "north": { "uv": [ 11.5, 4, 12, 5 ], "texture": "#north", "cullface": "north" },
        "east":  { "uv": [ 15, 4, 16, 5 ], "texture": "#east" }
    }
},
{
    "from": [ 10, 4.5, 0 ],
    "to": [ 12, 5, 1 ],
    "faces": {
        "down":  { "uv": [ 10, 1, 12, 0 ], "texture": "#down" },
        "north": { "uv": [ 4, 11, 6, 11.5 ], "texture": "#north", "cullface": "north" },
        "west":  { "uv": [ 0, 11, 1, 11.5 ], "texture": "#west" }
    }
},
{
    "from": [ 12, 3.5, 0 ],
    "to": [ 13, 12, 1 ],
    "faces": {
        "down":  { "uv": [ 12, 1, 13, 0 ], "texture": "#down" },
        "north": { "uv": [ 3, 4, 4, 12.5 ], "texture": "#north", "cullface": "north" },
        "west":  { "uv": [ 0, 4, 1, 12.5 ], "texture": "#west" }
    }
},
{
    "from": [ 13, 0, 0 ],
    "to": [ 16, 12, 1 ],
    "faces": {
        "down":  { "uv": [ 13, 15, 16, 16 ], "texture": "#down", "cullface": "down" },
        "north": { "uv": [ 0, 4, 3, 16 ], "texture": "#north", "cullface": "north" },
        "west":  { "uv": [ 0, 4, 1, 16 ], "texture": "#west" },
        "east":  { "uv": [ 15, 4, 16, 16 ], "texture": "#east", "cullface": "east" }
    }
},
{
    "from": [ 0, 3.5, 0 ],
    "to": [ 4, 12, 1 ],
    "faces": {
        "down":  { "uv": [ 0, 1, 4, 0 ], "texture": "#down" },
        "north": { "uv": [ 12, 4, 16, 12.5 ], "texture": "#north", "cullface": "north" },
        "west":  { "uv": [ 0, 4, 1, 12.5 ], "texture": "#west", "cullface": "west" },
        "east":  { "uv": [ 15, 4, 16, 12.5 ], "texture": "#east" }
    }
},
{
    "from": [ 0, 0, 0 ],
    "to": [ 3, 3.5, 1 ],
    "faces": {
        "down":  { "uv": [ 0, 1, 3, 0 ], "texture": "#down", "cullface": "down" },
        "north": { "uv": [ 13, 12.5, 16, 16 ], "texture": "#north", "cullface": "north" },
        "west":  { "uv": [ 0, 12.5, 1, 16 ], "texture": "#west", "cullface": "west" },
        "east":  { "uv": [ 15, 12.5, 16, 16 ], "texture": "#east" }
    }
},
{
    "from": [ 0, 5, 0 ],
    "to": [ 16, 9, 1 ],
    "faces": {
        "down":  { "uv": [ 0, 15, 16, 16 ], "texture": "#down" },
        "up":    { "uv": [ 0, 0, 16, 1 ], "texture": "#up" },
        "north": { "uv": [ 0, 7, 16, 11 ], "texture": "#north", "cullface": "north" },
        "west":  { "uv": [ 0, 7, 1, 11 ], "texture": "#west", "cullface": "west" },
        "east":  { "uv": [ 15, 7, 16, 11 ], "texture": "#east", "cullface": "east" }
    }
},
{
    "from": [ 0, 12, 0 ],
    "to": [ 16, 16, 1 ],
    "faces": {
        "down":  { "uv": [ 0, 15, 16, 16 ], "texture": "#down" },
        "up":    { "uv": [ 0, 0, 16, 1 ], "texture": "#up", "cullface": "up" },
        "north": { "uv": [ 0, 0, 16, 4 ], "texture": "#north", "cullface": "north" },
        "west":  { "uv": [ 0, 0, 1, 4 ], "texture": "#west", "cullface": "west" },
        "east":  { "uv": [ 15, 0, 16, 4 ], "texture": "#east", "cullface": "east" }
    }
},
{
    "from": [ 0, 0, 1 ],
    "to": [ 16, 16, 16 ],
    "faces": {
        "down":  { "uv": [ 0, 0, 16, 15 ], "texture": "#down", "cullface": "down" },
        "up":    { "uv": [ 0, 1, 16, 16 ], "texture": "#up", "cullface": "up" },
        "north": { "uv": [ 0, 0, 16, 16 ], "texture": "#north" },
        "south": { "uv": [ 0, 0, 16, 16 ], "texture": "#south", "cullface": "south" },
        "west":  { "uv": [ 1, 0, 16, 16 ], "texture": "#west", "cullface": "west" },
        "east":  { "uv": [ 0, 0, 15, 16 ], "texture": "#east", "cullface": "east" }
    }
},
{
    "from": [ 3, 0, 0 ],
    "to": [ 13, 0.5, 1 ],
    "faces": {
        "down":  { "uv": [ 3, 0, 13, 1 ], "texture": "#down", "cullface": "down" },
        "up":    { "uv": [ 3, 0, 13, 1 ], "texture": "#up" },
        "north": { "uv": [ 13, 15.5, 3, 16 ], "texture": "#south", "cullface": "north" }
    }
}
]
}