{
"ambientocclusion": false,
"textures": {
    "particle": "blocks/rail_normal",
    "down": "blocks/rail_normal",
    "up": "blocks/rail_normal",
    "north": "blocks/rail_normal",
    "south": "blocks/rail_normal",
    "west": "blocks/rail_normal",
    "east": "blocks/rail_normal"
},
"elements": [ 
{
    "from": [ 1, 8, 15 ],
    "to": [ 15, 9, 17.5 ],
    "rotation": { "origin": [ 8, 9, 8 ], "axis": "x", "angle": -45 },
    "faces": {
        "down":  { "uv": [ 4, 13, 12, 15 ], "texture": "#down", "cullface": "false" },
        "up":    { "uv": [ 4, 13, 12, 15 ], "texture": "#up", "cullface": "false" },
        "north": { "uv": [ 4, 13, 12, 15 ], "texture": "#north", "cullface": "false" },
        "south": { "uv": [ 4, 13, 12, 15 ], "texture": "#south", "cullface": "false" },
        "west":  { "uv": [ 14, 13, 15, 15 ], "texture": "#west", "cullface": "false" },
        "east":  { "uv": [ 14, 13, 15, 15 ], "texture": "#east", "cullface": "false" }
    }
},
{
    "from": [ 1, 8, 9.5 ],
    "to": [ 15, 9, 12 ],
    "rotation": { "origin": [ 8, 9, 8 ], "axis": "x", "angle": -45 },
    "faces": {
        "down":  { "uv": [ 4, 9, 12, 11 ], "texture": "#down", "cullface": "false" },
        "up":    { "uv": [ 4, 9, 12, 11 ], "texture": "#up", "cullface": "false" },
        "north": { "uv": [ 4, 9, 12, 11 ], "texture": "#north", "cullface": "false" },
        "south": { "uv": [ 4, 9, 12, 11 ], "texture": "#south", "cullface": "false" },
        "west":  { "uv": [ 14, 9, 15, 11 ], "texture": "#west", "cullface": "false" },
        "east":  { "uv": [ 14, 9, 15, 11 ], "texture": "#east", "cullface": "false" }
    }
},
{
    "from": [ 1, 8, 4 ],
    "to": [ 15, 9, 6.5 ],
    "rotation": { "origin": [ 8, 9, 8 ], "axis": "x", "angle": -45 },
    "faces": {
        "down":  { "uv": [ 4, 5, 12, 7 ], "texture": "#down", "cullface": "false" },
        "up":    { "uv": [ 4, 5, 12, 7 ], "texture": "#up", "cullface": "false" },
        "north": { "uv": [ 4, 5, 12, 7 ], "texture": "#north", "cullface": "false" },
        "south": { "uv": [ 4, 5, 12, 7 ], "texture": "#south", "cullface": "false" },
        "west":  { "uv": [ 14, 1, 15, 3 ], "texture": "#west", "cullface": "false" },
        "east":  { "uv": [ 14, 5, 15, 7 ], "texture": "#east", "cullface": "false" }
    }
},
{
    "from": [ 1, 8, -1.5 ],
    "to": [ 15, 9, 1 ],
    "rotation": { "origin": [ 8, 9, 8 ], "axis": "x", "angle": -45 },
    "faces": {
        "down":  { "uv": [ 4, 1, 12, 3 ], "texture": "#down", "cullface": "false" },
        "up":    { "uv": [ 4, 1, 12, 3 ], "texture": "#up", "cullface": "false" },
        "north": { "uv": [ 4, 1, 12, 3 ], "texture": "#north", "cullface": "false" },
        "south": { "uv": [ 4, 1, 12, 3 ], "texture": "#south", "cullface": "false" },
        "west":  { "uv": [ 14, 1, 15, 3 ], "texture": "#west", "cullface": "false" },
        "east":  { "uv": [ 14, 1, 15, 3 ], "texture": "#east", "cullface": "false" }
    }
},
{
    "from": [ 12, 9, -3.5 ],
    "to": [ 14, 9.5, 19.5 ],
    "rotation": { "origin": [ 8, 9, 8 ], "axis": "x", "angle": -45 },
    "faces": {
        "down":  { "uv": [ 12, 0, 14, 16 ], "texture": "#down", "cullface": "false" },
        "up":    { "uv": [ 12, 0, 14, 16 ], "texture": "#up", "cullface": "false" },
        "north": { "uv": [ 2, 0, 4, 16 ], "texture": "#north", "cullface": "false" },
        "south": { "uv": [ 2, 0, 4, 16 ], "texture": "#south", "cullface": "false" },
        "west":  { "uv": [ 3, 0, 4, 16 ], "texture": "#west", "cullface": "false" },
        "east":  { "uv": [ 2, 0, 3, 16 ], "texture": "#east", "cullface": "false" }
    }
},
{
    "from": [ 2, 9, -3.5 ],
    "to": [ 4, 9.5, 19.5 ],
    "rotation": { "origin": [ 8, 9, 8 ], "axis": "x", "angle": -45 },
    "faces": {
        "down":  { "uv": [ 2, 0, 4, 16 ], "texture": "#down", "cullface": "false" },
        "up":    { "uv": [ 2, 0, 4, 16 ], "texture": "#up", "cullface": "false" },
        "north": { "uv": [ 2, 0, 4, 16 ], "texture": "#north", "cullface": "false" },
        "south": { "uv": [ 2, 0, 4, 16 ], "texture": "#south", "cullface": "false" },
        "west":  { "uv": [ 2, 0, 3, 16 ], "texture": "#west", "cullface": "false" },
        "east":  { "uv": [ 3, 0, 4, 16 ], "texture": "#east", "cullface": "false" }
    }
}
]
}