{
"__comment": "Fair warning, this format is highly likely to change even more in the future!",
"ambientocclusion": false,
"textures": {
    "particle": "blocks/rail_normal_turned",
    "down": "blocks/rail_normal_turned",
    "up": "blocks/rail_normal_turned",
    "north": "blocks/rail_normal_turned",
    "south": "blocks/rail_normal_turned",
    "west": "blocks/rail_normal_turned",
    "east": "blocks/rail_normal_turned",
    "texture": "blocks/rail_normal_turned"
},
"elements": [ 
{
    "from": [ 11, 0, 1.5 ],
    "to": [ 12.5, 1, 2.5 ],
    "faces": {
        "down":  { "uv": [ 11, 1.5, 12.5, 2.5 ], "texture": "#down", "cullface": "false" },
        "up":    { "uv": [ 11, 1.5, 12.5, 2.5 ], "texture": "#up", "cullface": "false" },
        "north": { "uv": [ 11.5, 14, 10, 15 ], "texture": "#north", "cullface": "false" },
        "west":  { "uv": [ 5.5, 13, 6.5, 14 ], "texture": "#west", "cullface": "false" },
        "east":  { "uv": [ 6.5, 13, 5.5, 14 ], "texture": "#east", "cullface": "false" }
    }
},
{
    "from": [ 11, 0, 2.5 ],
    "to": [ 13.5, 1, 4 ],
    "faces": {
        "down":  { "uv": [ 12, 5.5, 14, 6.5 ], "texture": "#down", "cullface": "false" },
        "up":    { "uv": [ 12, 5.5, 14, 6.5 ], "texture": "#up", "cullface": "false" },
        "north": { "uv": [ 11.5, 14, 9, 15 ], "texture": "#north", "cullface": "false" },
        "south": { "uv": [ 9, 14, 11.5, 15 ], "texture": "#south", "cullface": "false" },
        "west":  { "uv": [ 5.5, 13, 7, 14 ], "texture": "#west", "cullface": "false" },
        "east":  { "uv": [ 7, 13, 5.5, 14 ], "texture": "#east", "cullface": "false" }
    }
},
{
    "from": [ 11.5, 0, 4 ],
    "to": [ 13.5, 1, 5.5 ],
    "faces": {
        "down":  { "uv": [ 11.5, 4, 13.5, 5.5 ], "texture": "#down", "cullface": "false" },
        "up":    { "uv": [ 11.5, 4, 13.5, 5.5 ], "texture": "#up", "cullface": "false" },
        "south": { "uv": [ 11.5, 15, 13.5, 16 ], "texture": "#south", "cullface": "false" },
        "west":  { "uv": [ 5, 12, 6.5, 13 ], "texture": "#west", "cullface": "false" },
        "east":  { "uv": [ 5, 12, 6.5, 13 ], "texture": "#east", "cullface": "false" }
    }
},
{
    "from": [ 12, 0, 5.5 ],
    "to": [ 14, 1, 7 ],
    "faces": {
        "down":  { "uv": [ 12, 5.5, 14, 7 ], "texture": "#down", "cullface": "false" },
        "up":    { "uv": [ 12, 5.5, 14, 7 ], "texture": "#up", "cullface": "false" },
        "north": { "uv": [ 12, 14, 10, 15 ], "texture": "#north", "cullface": "false" },
        "south": { "uv": [ 10, 14, 12, 15 ], "texture": "#south", "cullface": "false" },
        "west":  { "uv": [ 5.5, 13, 7, 14 ], "texture": "#west", "cullface": "false" },
        "east":  { "uv": [ 7, 13, 5.5, 14 ], "texture": "#east", "cullface": "false" }
    }
},
{
    "from": [ 12.5, 0, 7 ],
    "to": [ 14.5, 1, 8.5 ],
    "faces": {
        "down":  { "uv": [ 12.5, 7, 14.5, 8.5 ], "texture": "#down", "cullface": "false" },
        "up":    { "uv": [ 12.5, 7, 14.5, 8.5 ], "texture": "#up", "cullface": "false" },
        "north": { "uv": [ 11.5, 14, 9.5, 15 ], "texture": "#north", "cullface": "false" },
        "south": { "uv": [ 9.5, 14, 11.5, 15 ], "texture": "#south", "cullface": "false" },
        "west":  { "uv": [ 7, 13, 8.5, 14 ], "texture": "#west", "cullface": "false" },
        "east":  { "uv": [ 8.5, 13, 7, 14 ], "texture": "#east", "cullface": "false" }
    }
},
{
    "from": [ 13, 0, 8.5 ],
    "to": [ 15, 1, 10 ],
    "faces": {
        "down":  { "uv": [ 13, 8.5, 15, 10 ], "texture": "#down", "cullface": "false" },
        "up":    { "uv": [ 13, 8.5, 15, 10 ], "texture": "#up", "cullface": "false" },
        "north": { "uv": [ 12, 14, 10, 15 ], "texture": "#north", "cullface": "false" },
        "south": { "uv": [ 10, 14, 12, 15 ], "texture": "#south", "cullface": "false" },
        "west":  { "uv": [ 8.5, 14, 10, 15 ], "texture": "#west", "cullface": "false" },
        "east":  { "uv": [ 10, 14, 8.5, 15 ], "texture": "#east", "cullface": "false" }
    }
},
{
    "from": [ 13.5, 0, 10 ],
    "to": [ 15.5, 1, 11.5 ],
    "faces": {
        "down":  { "uv": [ 13.5, 10, 15.5, 11.5 ], "texture": "#down", "cullface": "false" },
        "up":    { "uv": [ 13.5, 10, 15.5, 11.5 ], "texture": "#up", "cullface": "false" },
        "north": { "uv": [ 11.5, 14, 9.5, 15 ], "texture": "#north", "cullface": "false" },
        "south": { "uv": [ 9.5, 14, 11.5, 15 ], "texture": "#south", "cullface": "false" },
        "west":  { "uv": [ 10, 14, 11.5, 15 ], "texture": "#west", "cullface": "false" },
        "east":  { "uv": [ 11.5, 14, 10, 15 ], "texture": "#east", "cullface": "false" }
    }
},
{
    "from": [ 14, 0, 11.5 ],
    "to": [ 16, 1, 12.5 ],
    "faces": {
        "down":  { "uv": [ 14, 11.5, 16, 12.5 ], "texture": "#down", "cullface": "false" },
        "up":    { "uv": [ 14, 11.5, 16, 12.5 ], "texture": "#up", "cullface": "false" },
        "north": { "uv": [ 11.5, 13.5, 9.5, 14.5 ], "texture": "#north", "cullface": "false" },
        "south": { "uv": [ 9.5, 13.5, 11.5, 14.5 ], "texture": "#south", "cullface": "false" },
        "west":  { "uv": [ 10.5, 14, 11.5, 15 ], "texture": "#west", "cullface": "false" },
        "east":  { "uv": [ 11.5, 14, 10.5, 15 ], "texture": "#east", "cullface": "false" }
    }
},
{
    "from": [ 12.5, 0, 14.5 ],
    "to": [ 14, 1, 16 ],
    "faces": {
        "down":  { "uv": [ 12.5, 14.5, 14, 16 ], "texture": "#down", "cullface": "false" },
        "north": { "uv": [ 11.5, 13.5, 10, 14.5 ], "texture": "#north", "cullface": "false" },
        "south": { "uv": [ 10, 13.5, 11.5, 14.5 ], "texture": "#south", "cullface": "false" },
        "east":  { "uv": [ 15, 15, 13.5, 16 ], "texture": "#east", "cullface": "false" }
    }
},
{
    "from": [ 2.5, 0, 11 ],
    "to": [ 3, 1, 12.5 ],
    "faces": {
        "down":  { "uv": [ 1.5, 11, 2, 12.5 ], "texture": "#down", "cullface": "false" },
        "up":    { "uv": [ 1.5, 11, 2, 12.5 ], "texture": "#up", "cullface": "false" },
        "north": { "uv": [ 6, 13, 5.5, 14 ], "texture": "#north", "cullface": "false" },
        "south": { "uv": [ 5.5, 13, 6, 14 ], "texture": "#south", "cullface": "false" }
    }
},
{
    "from": [ 3, 0, 11 ],
    "to": [ 4.5, 1, 13 ],
    "faces": {
        "down":  { "uv": [ 3, 11, 4.5, 13 ], "texture": "#down", "cullface": "false" },
        "up":    { "uv": [ 3, 11, 4.5, 13 ], "texture": "#up", "cullface": "false" },
        "north": { "uv": [ 7.5, 13, 6, 14 ], "texture": "#north", "cullface": "false" },
        "south": { "uv": [ 6, 13, 7.5, 14 ], "texture": "#south", "cullface": "false" },
        "west":  { "uv": [ 10, 14, 12, 15 ], "texture": "#west", "cullface": "false" },
        "east":  { "uv": [ 12, 14, 10, 15 ], "texture": "#east", "cullface": "false" }
    }
},
{
    "from": [ 4, 0, 11.5 ],
    "to": [ 5.5, 1, 13.5 ],
    "faces": {
        "down":  { "uv": [ 4, 11.5, 5.5, 13.5 ], "texture": "#down", "cullface": "false" },
        "up":    { "uv": [ 4, 11.5, 5.5, 13.5 ], "texture": "#up", "cullface": "false" },
        "north": { "uv": [ 7.5, 13, 6, 14 ], "texture": "#north", "cullface": "false" },
        "south": { "uv": [ 5, 13, 6.5, 14 ], "texture": "#south", "cullface": "false" },
        "west":  { "uv": [ 9.5, 14, 11.5, 15 ], "texture": "#west", "cullface": "false" },
        "east":  { "uv": [ 11.5, 14, 9.5, 15 ], "texture": "#east", "cullface": "false" }
    }
},
{
    "from": [ 5.5, 0, 12 ],
    "to": [ 7, 1, 14 ],
    "faces": {
        "down":  { "uv": [ 5.5, 12, 7, 14 ], "texture": "#down", "cullface": "false" },
        "up":    { "uv": [ 5.5, 12, 7, 14 ], "texture": "#up", "cullface": "false" },
        "north": { "uv": [ 7, 13, 5.5, 14 ], "texture": "#north", "cullface": "false" },
        "south": { "uv": [ 5.5, 13, 7, 14 ], "texture": "#south", "cullface": "false" },
        "west":  { "uv": [ 10, 14, 12, 15 ], "texture": "#west", "cullface": "false" },
        "east":  { "uv": [ 12, 14, 10, 15 ], "texture": "#east", "cullface": "false" }
    }
},
{
    "from": [ 7, 0, 12.5 ],
    "to": [ 8.5, 1, 14.5 ],
    "faces": {
        "down":  { "uv": [ 7, 12.5, 8.5, 14.5 ], "texture": "#down", "cullface": "false" },
        "up":    { "uv": [ 7, 12.5, 8.5, 14.5 ], "texture": "#up", "cullface": "false" },
        "north": { "uv": [ 8.5, 13, 7, 14 ], "texture": "#north", "cullface": "false" },
        "south": { "uv": [ 7, 13, 8.5, 14 ], "texture": "#south", "cullface": "false" },
        "west":  { "uv": [ 9.5, 14, 11.5, 15 ], "texture": "#west", "cullface": "false" },
        "east":  { "uv": [ 11.5, 14, 9.5, 15 ], "texture": "#east", "cullface": "false" }
    }
},
{
    "from": [ 8.5, 0, 13 ],
    "to": [ 10, 1, 15 ],
    "faces": {
        "down":  { "uv": [ 8.5, 13, 10, 15 ], "texture": "#down", "cullface": "false" },
        "up":    { "uv": [ 8.5, 13, 10, 15 ], "texture": "#up", "cullface": "false" },
        "north": { "uv": [ 10, 14, 8.5, 15 ], "texture": "#north", "cullface": "false" },
        "south": { "uv": [ 8.5, 14, 10, 15 ], "texture": "#south", "cullface": "false" },
        "west":  { "uv": [ 10, 14, 12, 15 ], "texture": "#west", "cullface": "false" },
        "east":  { "uv": [ 12, 14, 10, 15 ], "texture": "#east", "cullface": "false" }
    }
},
{
    "from": [ 10, 0, 13.5 ],
    "to": [ 11.5, 1, 15.5 ],
    "faces": {
        "down":  { "uv": [ 10, 13.5, 11.5, 15.5 ], "texture": "#down", "cullface": "false" },
        "up":    { "uv": [ 10, 13.5, 11.5, 15.5 ], "texture": "#up", "cullface": "false" },
        "north": { "uv": [ 11.5, 14, 10, 15 ], "texture": "#north", "cullface": "false" },
        "south": { "uv": [ 10, 14, 11.5, 15 ], "texture": "#south", "cullface": "false" },
        "west":  { "uv": [ 9.5, 14, 11.5, 15 ], "texture": "#west", "cullface": "false" },
        "east":  { "uv": [ 15.5, 15, 13.5, 16 ], "texture": "#east", "cullface": "false" }
    }
},
{
    "from": [ 11.5, 0, 14 ],
    "to": [ 12.5, 1, 16 ],
    "faces": {
        "down":  { "uv": [ 11.5, 14, 12.5, 16 ], "texture": "#down", "cullface": "false" },
        "up":    { "uv": [ 11.5, 14, 12.5, 16 ], "texture": "#up", "cullface": "false" },
        "north": { "uv": [ 12, 14.5, 11, 15.5 ], "texture": "#north", "cullface": "false" },
        "south": { "uv": [ 11, 14.5, 12, 15.5 ], "texture": "#south", "cullface": "false" },
        "west":  { "uv": [ 10, 14, 12, 15 ], "texture": "#west", "cullface": "false" },
        "east":  { "uv": [ 12, 14, 10, 15 ], "texture": "#east", "cullface": "false" }
    }
},
{
    "from": [ 14, 0, 15 ],
    "to": [ 14.5, 1, 16 ],
    "faces": {
        "down":  { "uv": [ 14, 15, 15, 16 ], "texture": "#down", "cullface": "false" },
        "up":    { "uv": [ 14, 15, 15, 16 ], "texture": "#up", "cullface": "false" },
        "south": { "uv": [ 14, 15, 15, 16 ], "texture": "#south", "cullface": "false" },
        "east":  { "uv": [ 15, 15, 14, 16 ], "texture": "#east", "cullface": "false" }
    }
},
{
    "from": [ 15, 0, 13.5 ],
    "to": [ 16, 1, 14.5 ],
    "faces": {
        "down":  { "uv": [ 15, 13.5, 16, 14.5 ], "texture": "#down", "cullface": "false" },
        "up":    { "uv": [ 15, 13.5, 16, 14.5 ], "texture": "#up", "cullface": "false" },
        "south": { "uv": [ 14, 15, 15, 16 ], "texture": "#south", "cullface": "false" },
        "east":  { "uv": [ 14, 15, 15, 16 ], "texture": "#east", "cullface": "false" }
    }
},
{
    "from": [ 14, 0, 13 ],
    "to": [ 15, 1, 15 ],
    "faces": {
        "down":  { "uv": [ 14, 13, 15, 15 ], "texture": "#down", "cullface": "false" },
        "up":    { "uv": [ 14, 13, 15, 15 ], "texture": "#up", "cullface": "false" },
        "north": { "uv": [ 15, 15, 14, 16 ], "texture": "#north", "cullface": "false" },
        "south": { "uv": [ 14, 15, 15, 16 ], "texture": "#south", "cullface": "false" },
        "west":  { "uv": [ 13, 15, 15, 16 ], "texture": "#west", "cullface": "false" },
        "east":  { "uv": [ 15, 15, 13, 16 ], "texture": "#east", "cullface": "false" }
    }
},
{
    "from": [ 13, 0, 12.5 ],
    "to": [ 14, 1, 14.5 ],
    "faces": {
        "down":  { "uv": [ 13, 12.5, 14, 14.5 ], "texture": "#down", "cullface": "false" },
        "up":    { "uv": [ 13, 12.5, 14, 14.5 ], "texture": "#up", "cullface": "false" },
        "north": { "uv": [ 12, 14, 11, 15 ], "texture": "#north", "cullface": "false" },
        "west":  { "uv": [ 12.5, 15, 14.5, 16 ], "texture": "#west", "cullface": "false" },
        "east":  { "uv": [ 14.5, 15, 12.5, 16 ], "texture": "#east", "cullface": "false" }
    }
},
{
    "from": [ 5.5, 0, 5 ],
    "to": [ 6.5, 1, 5.5 ],
    "faces": {
        "down":  { "uv": [ 5.5, 5, 6.5, 5.5 ], "texture": "#down", "cullface": "false" },
        "up":    { "uv": [ 5.5, 5, 6.5, 5.5 ], "texture": "#up", "cullface": "false" },
        "north": { "uv": [ 6.5, 12, 5.5, 13 ], "texture": "#north", "cullface": "false" },
        "south": { "uv": [ 5.5, 13, 6.5, 14 ], "texture": "#south", "cullface": "false" },
        "west":  { "uv": [ 5, 12, 5.5, 13 ], "texture": "#west", "cullface": "false" },
        "east":  { "uv": [ 5.5, 12, 5, 13 ], "texture": "#east", "cullface": "false" }
    }
},
{
    "from": [ 5, 0, 5.5 ],
    "to": [ 6, 1, 6.5 ],
    "faces": {
        "down":  { "uv": [ 5, 5.5, 6, 6.5 ], "texture": "#down", "cullface": "false" },
        "up":    { "uv": [ 5, 5.5, 6, 6.5 ], "texture": "#up", "cullface": "false" },
        "north": { "uv": [ 6, 12, 5, 13 ], "texture": "#north", "cullface": "false" },
        "south": { "uv": [ 5, 12, 6, 13 ], "texture": "#south", "cullface": "false" },
        "west":  { "uv": [ 5.5, 13, 6.5, 14 ], "texture": "#west", "cullface": "false" }
    }
},
{
    "from": [ 6, 0, 5.5 ],
    "to": [ 7, 1, 7.5 ],
    "faces": {
        "down":  { "uv": [ 6, 5.5, 7, 7.5 ], "texture": "#down", "cullface": "false" },
        "up":    { "uv": [ 6, 5.5, 7, 7.5 ], "texture": "#up", "cullface": "false" },
        "north": { "uv": [ 7, 12, 6, 13 ], "texture": "#north", "cullface": "false" },
        "south": { "uv": [ 6, 13, 7, 14 ], "texture": "#south", "cullface": "false" },
        "west":  { "uv": [ 5.5, 13, 7.5, 14 ], "texture": "#west", "cullface": "false" },
        "east":  { "uv": [ 7.5, 13, 5.5, 14 ], "texture": "#east", "cullface": "false" }
    }
},
{
    "from": [ 7, 0, 6.5 ],
    "to": [ 8, 1, 8.5 ],
    "faces": {
        "down":  { "uv": [ 7, 6.5, 8, 8.5 ], "texture": "#down", "cullface": "false" },
        "up":    { "uv": [ 7, 6.5, 8, 8.5 ], "texture": "#up", "cullface": "false" },
        "north": { "uv": [ 8, 13, 7, 14 ], "texture": "#north", "cullface": "false" },
        "south": { "uv": [ 7, 13, 8, 14 ], "texture": "#south", "cullface": "false" },
        "west":  { "uv": [ 6.5, 13, 8.5, 14 ], "texture": "#west", "cullface": "false" },
        "east":  { "uv": [ 8.5, 13, 6.5, 14 ], "texture": "#east", "cullface": "false" }
    }
},
{
    "from": [ 8, 0, 7.5 ],
    "to": [ 9, 1, 9.5 ],
    "faces": {
        "down":  { "uv": [ 8, 7.5, 9, 9.5 ], "texture": "#down", "cullface": "false" },
        "up":    { "uv": [ 8, 7.5, 9, 9.5 ], "texture": "#up", "cullface": "false" },
        "north": { "uv": [ 9, 13, 8, 14 ], "texture": "#north", "cullface": "false" },
        "south": { "uv": [ 8, 13, 9, 14 ], "texture": "#south", "cullface": "false" },
        "west":  { "uv": [ 7.5, 13, 9.5, 14 ], "texture": "#west", "cullface": "false" },
        "east":  { "uv": [ 9.5, 13, 7.5, 14 ], "texture": "#east", "cullface": "false" }
    }
},
{
    "from": [ 9, 0, 8.5 ],
    "to": [ 10, 1, 10.5 ],
    "faces": {
        "down":  { "uv": [ 9, 8.5, 10, 10.5 ], "texture": "#down", "cullface": "false" },
        "up":    { "uv": [ 9, 8.5, 10, 10.5 ], "texture": "#up", "cullface": "false" },
        "north": { "uv": [ 10, 14, 9, 15 ], "texture": "#north", "cullface": "false" },
        "south": { "uv": [ 9, 14, 10, 15 ], "texture": "#south", "cullface": "false" },
        "west":  { "uv": [ 8.5, 14, 10.5, 15 ], "texture": "#west", "cullface": "false" },
        "east":  { "uv": [ 10.5, 14, 8.5, 15 ], "texture": "#east", "cullface": "false" }
    }
},
{
    "from": [ 10, 0, 9.5 ],
    "to": [ 11, 1, 11.5 ],
    "faces": {
        "down":  { "uv": [ 10, 9.5, 11, 11.5 ], "texture": "#down", "cullface": "false" },
        "up":    { "uv": [ 10, 9.5, 11, 11.5 ], "texture": "#up", "cullface": "false" },
        "north": { "uv": [ 11, 14, 10, 15 ], "texture": "#north", "cullface": "false" },
        "south": { "uv": [ 10, 14, 11, 15 ], "texture": "#south", "cullface": "false" },
        "west":  { "uv": [ 9.5, 14, 11.5, 15 ], "texture": "#west", "cullface": "false" },
        "east":  { "uv": [ 11.5, 14, 9.5, 15 ], "texture": "#east", "cullface": "false" }
    }
},
{
    "from": [ 11, 0, 10.5 ],
    "to": [ 12, 1, 12.5 ],
    "faces": {
        "down":  { "uv": [ 11, 10.5, 12, 12.5 ], "texture": "#down", "cullface": "false" },
        "up":    { "uv": [ 11, 10.5, 12, 12.5 ], "texture": "#up", "cullface": "false" },
        "north": { "uv": [ 12, 14, 11, 15 ], "texture": "#north", "cullface": "false" },
        "south": { "uv": [ 11, 14, 12, 15 ], "texture": "#south", "cullface": "false" },
        "west":  { "uv": [ 9.5, 14, 11.5, 15 ], "texture": "#west", "cullface": "false" },
        "east":  { "uv": [ 11.5, 14, 9.5, 15 ], "texture": "#east", "cullface": "false" }
    }
},
{
    "from": [ 12, 0, 11.5 ],
    "to": [ 13, 1, 13.5 ],
    "faces": {
        "down":  { "uv": [ 12, 11.5, 13, 13.5 ], "texture": "#down", "cullface": "false" },
        "up":    { "uv": [ 12, 11.5, 13, 13.5 ], "texture": "#up", "cullface": "false" },
        "north": { "uv": [ 12, 14, 11, 15 ], "texture": "#north", "cullface": "false" },
        "south": { "uv": [ 11, 14, 12, 15 ], "texture": "#south", "cullface": "false" },
        "west":  { "uv": [ 9.5, 14, 11.5, 15 ], "texture": "#west", "cullface": "false" },
        "east":  { "uv": [ 11.5, 14, 9.5, 15 ], "texture": "#east", "cullface": "false" }
    }
},
{
    "from": [ 2, 1, 13.5 ],
    "to": [ 4, 1.5, 16 ],
    "faces": {
        "down":  { "uv": [ 2, 15, 4, 16 ], "texture": "#down", "cullface": "false" },
        "up":    { "uv": [ 2, 15, 4, 16 ], "texture": "#up", "cullface": "false" },
        "north": { "uv": [ 2, 14, 4, 15 ], "texture": "#north", "cullface": "false" },
        "south": { "uv": [ 2, 14, 4, 15 ], "texture": "#south", "cullface": "false" },
        "west":  { "uv": [ 15, 13, 16, 14 ], "texture": "#west", "cullface": "false" },
        "east":  { "uv": [ 15, 12, 16, 13 ], "texture": "#east", "cullface": "false" }
    }
},
{
    "from": [ 2.5, 1, 12 ],
    "to": [ 4.5, 1.5, 13.5 ],
    "faces": {
        "down":  { "uv": [ 2.5, 12, 4.5, 13.5 ], "texture": "#down", "cullface": "false" },
        "up":    { "uv": [ 2.5, 12, 4.5, 13.5 ], "texture": "#up", "cullface": "false" },
        "north": { "uv": [ 3, 14, 2, 15 ], "texture": "#north", "cullface": "false" },
        "south": { "uv": [ 3, 14, 4, 15 ], "texture": "#south", "cullface": "false" },
        "west":  { "uv": [ 14.5, 2, 16, 3 ], "texture": "#west", "cullface": "false" },
        "east":  { "uv": [ 14, 3, 15.5, 4 ], "texture": "#east", "cullface": "false" }
    }
},
{
    "from": [ 3, 1, 10 ],
    "to": [ 5, 1.5, 12 ],
    "faces": {
        "down":  { "uv": [ 2, 14, 4, 16 ], "texture": "#down", "cullface": "false" },
        "up":    { "uv": [ 2, 14, 4, 16 ], "texture": "#up", "cullface": "false" },
        "north": { "uv": [ 4, 14, 2, 15 ], "texture": "#north", "cullface": "false" },
        "south": { "uv": [ 2, 14, 4, 15 ], "texture": "#south", "cullface": "false" },
        "west":  { "uv": [ 14, 2, 16, 3 ], "texture": "#west", "cullface": "false" },
        "east":  { "uv": [ 16, 3, 14, 4 ], "texture": "#east", "cullface": "false" }
    }
},
{
    "from": [ 3.5, 1, 9 ],
    "to": [ 5.5, 1.5, 10 ],
    "faces": {
        "down":  { "uv": [ 3, 10, 5, 11 ], "texture": "#down", "cullface": "false" },
        "up":    { "uv": [ 3, 10, 5, 11 ], "texture": "#up", "cullface": "false" },
        "north": { "uv": [ 4, 14, 2, 15 ], "texture": "#north", "cullface": "false" },
        "south": { "uv": [ 2, 14, 4, 15 ], "texture": "#south", "cullface": "false" },
        "west":  { "uv": [ 2, 14, 3, 15 ], "texture": "#west", "cullface": "false" },
        "east":  { "uv": [ 4, 14, 3, 15 ], "texture": "#east", "cullface": "false" }
    }
},
{
    "from": [ 4.5, 1, 7.5 ],
    "to": [ 6.5, 1.5, 9 ],
    "faces": {
        "down":  { "uv": [ 2, 14, 4, 15 ], "texture": "#down", "cullface": "false" },
        "up":    { "uv": [ 2, 14, 4, 15 ], "texture": "#up", "cullface": "false" },
        "north": { "uv": [ 4, 14, 2, 15 ], "texture": "#north", "cullface": "false" },
        "south": { "uv": [ 2, 14, 4, 15 ], "texture": "#south", "cullface": "false" },
        "west":  { "uv": [ 2, 14, 3, 15 ], "texture": "#west", "cullface": "false" },
        "east":  { "uv": [ 4, 14, 3, 15 ], "texture": "#east", "cullface": "false" }
    }
},
{
    "from": [ 5.5, 1, 6.5 ],
    "to": [ 8, 1.5, 7.5 ],
    "faces": {
        "down":  { "uv": [ 2, 14, 4, 15 ], "texture": "#down", "cullface": "false" },
        "up":    { "uv": [ 2, 14, 4, 15 ], "texture": "#up", "cullface": "false" },
        "north": { "uv": [ 4, 14, 2, 15 ], "texture": "#north", "cullface": "false" },
        "south": { "uv": [ 2, 14, 4, 15 ], "texture": "#south", "cullface": "false" },
        "west":  { "uv": [ 2, 14, 3, 15 ], "texture": "#west", "cullface": "false" },
        "east":  { "uv": [ 4, 14, 3, 15 ], "texture": "#east", "cullface": "false" }
    }
},
{
    "from": [ 7, 1, 5.5 ],
    "to": [ 9.5, 1.5, 6.5 ],
    "faces": {
        "down":  { "uv": [ 9, 6.5, 6.5, 5.5 ], "texture": "#down" },
        "up":    { "uv": [ 7, 5.5, 9.5, 6.5 ], "texture": "#up" },
        "north": { "uv": [ 3, 13.5, 4, 14 ], "texture": "#north" },
        "south": { "uv": [ 2, 13.5, 3, 14 ], "texture": "#south" },
        "west":  { "uv": [ 3.5, 13, 4.5, 13.5 ], "texture": "#west" },
        "east":  { "uv": [ 3.5, 13, 4.5, 13.5 ], "texture": "#east" }
    }
},
{
    "from": [ 7.5, 1, 4.5 ],
    "to": [ 10.5, 1.5, 5.5 ],
    "faces": {
        "down":  { "uv": [ 2, 14, 4, 15 ], "texture": "#down", "cullface": "false" },
        "up":    { "uv": [ 2, 14, 4, 15 ], "texture": "#up", "cullface": "false" },
        "north": { "uv": [ 4, 14, 2, 15 ], "texture": "#north", "cullface": "false" },
        "south": { "uv": [ 2, 14, 4, 15 ], "texture": "#south", "cullface": "false" },
        "west":  { "uv": [ 3, 14, 4, 15 ], "texture": "#west", "cullface": "false" },
        "east":  { "uv": [ 4, 14, 3, 15 ], "texture": "#east", "cullface": "false" }
    }
},
{
    "from": [ 9, 1, 3.5 ],
    "to": [ 10.5, 1.5, 4.5 ],
    "faces": {
        "down":  { "uv": [ 14, 2, 15.5, 3 ], "texture": "#down", "cullface": "false" },
        "up":    { "uv": [ 14, 2, 15.5, 3 ], "texture": "#up", "cullface": "false" },
        "north": { "uv": [ 4, 14, 3, 15 ], "texture": "#north", "cullface": "false" },
        "west":  { "uv": [ 3, 14, 4, 15 ], "texture": "#west", "cullface": "false" }
    }
},
{
    "from": [ 10.5, 1, 3 ],
    "to": [ 11.5, 1.5, 5 ],
    "faces": {
        "down":  { "uv": [ 10.5, 5, 11.5, 3 ], "texture": "#down", "cullface": "false" },
        "up":    { "uv": [ 10.5, 3, 11.5, 5 ], "texture": "#up", "cullface": "false" },
        "north": { "uv": [ 3, 15, 2, 16 ], "texture": "#north", "cullface": "false" },
        "south": { "uv": [ 3, 14, 4, 15 ], "texture": "#south", "cullface": "false" },
        "west":  { "uv": [ 2, 14, 4, 15 ], "texture": "#west", "cullface": "false" },
        "east":  { "uv": [ 4, 14, 2, 15 ], "texture": "#east", "cullface": "false" }
    }
},
{
    "from": [ 11.5, 1, 2.5 ],
    "to": [ 13.5, 1.5, 4.5 ],
    "faces": {
        "down":  { "uv": [ 11.5, 4.5, 13.5, 2.5 ], "texture": "#down", "cullface": "false" },
        "up":    { "uv": [ 11.5, 2.5, 13.5, 4.5 ], "texture": "#up", "cullface": "false" },
        "north": { "uv": [ 16, 2, 14, 3 ], "texture": "#north", "cullface": "false" },
        "south": { "uv": [ 14, 3, 16, 4 ], "texture": "#south", "cullface": "false" },
        "west":  { "uv": [ 2, 14, 4, 15 ], "texture": "#west", "cullface": "false" },
        "east":  { "uv": [ 4, 14, 2, 15 ], "texture": "#east", "cullface": "false" }
    }
},
{
    "from": [ 13.5, 1, 2 ],
    "to": [ 16, 1.5, 4 ],
    "faces": {
        "down":  { "uv": [ 13.5, 4, 16, 2 ], "texture": "#down", "cullface": "false" },
        "up":    { "uv": [ 13.5, 2, 16, 4 ], "texture": "#up", "cullface": "false" },
        "north": { "uv": [ 16, 2, 14, 3 ], "texture": "#north", "cullface": "false" },
        "south": { "uv": [ 14, 3, 16, 4 ], "texture": "#south", "cullface": "false" },
        "west":  { "uv": [ 2, 14, 4, 15 ], "texture": "#west", "cullface": "false" },
        "east":  { "uv": [ 4, 14, 2, 15 ], "texture": "#east", "cullface": "false" }
    }
},
{
    "from": [ 1.5, 0, 11 ],
    "to": [ 2.5, 1, 12.5 ],
    "faces": {
        "down":  { "uv": [ 5.5, 12, 6.5, 13.5 ], "texture": "#down", "cullface": "false" },
        "up":    { "uv": [ 4.5, 12, 5.5, 13.5 ], "texture": "#up", "cullface": "false" },
        "north": { "uv": [ 6.5, 12, 5.5, 13 ], "texture": "#north", "cullface": "false" },
        "south": { "uv": [ 5.5, 13, 6.5, 14 ], "texture": "#south", "cullface": "false" },
        "west":  { "uv": [ 9, 14, 10.5, 15 ], "texture": "#west", "cullface": "false" }
    }
},
{
    "from": [ 12, 1, 14.5 ],
    "to": [ 14, 1.5, 16 ],
    "faces": {
        "down":  { "uv": [ 12, 14.5, 14, 16 ], "texture": "#down", "cullface": "false" },
        "up":    { "uv": [ 12, 14.5, 14, 16 ], "texture": "#up", "cullface": "false" },
        "north": { "uv": [ 16, 3, 14, 4 ], "texture": "#north", "cullface": "false" },
        "south": { "uv": [ 14, 2, 16, 3 ], "texture": "#south", "cullface": "false" },
        "west":  { "uv": [ 13.5, 3, 15, 4 ], "texture": "#west", "cullface": "false" },
        "east":  { "uv": [ 15, 3, 13.5, 4 ], "texture": "#east", "cullface": "false" }
    }
},
{
    "from": [ 12.5, 1, 13.5 ],
    "to": [ 15, 1.5, 14.5 ],
    "faces": {
        "down":  { "uv": [ 12.5, 13.5, 15, 14.5 ], "texture": "#down", "cullface": "false" },
        "up":    { "uv": [ 12.5, 13.5, 15, 14.5 ], "texture": "#up", "cullface": "false" },
        "north": { "uv": [ 14, 3, 16, 4 ], "texture": "#north", "cullface": "false" },
        "south": { "uv": [ 12.5, 14, 14.5, 15 ], "texture": "#south", "cullface": "false" },
        "west":  { "uv": [ 12, 15, 13, 16 ], "texture": "#west", "cullface": "false" },
        "east":  { "uv": [ 13, 15, 14, 16 ], "texture": "#east", "cullface": "false" }
    }
},
{
    "from": [ 13.5, 1, 12.5 ],
    "to": [ 16, 1.5, 13.5 ],
    "faces": {
        "down":  { "uv": [ 13.5, 12.5, 16, 13.5 ], "texture": "#down", "cullface": "false" },
        "up":    { "uv": [ 13.5, 12.5, 16, 13.5 ], "texture": "#up", "cullface": "false" },
        "north": { "uv": [ 16, 3, 13.5, 4 ], "texture": "#north", "cullface": "false" },
        "south": { "uv": [ 13.5, 3, 16, 4 ], "texture": "#south", "cullface": "false" },
        "west":  { "uv": [ 12, 15, 13, 16 ], "texture": "#west", "cullface": "false" },
        "east":  { "uv": [ 14, 15, 13, 16 ], "texture": "#east", "cullface": "false" }
    }
},
{
    "from": [ 14.5, 1, 12 ],
    "to": [ 16, 1.5, 12.5 ],
    "faces": {
        "up":    { "uv": [ 14.5, 12, 16, 12.5 ], "texture": "#up", "cullface": "false" },
        "north": { "uv": [ 15, 3, 13.5, 4 ], "texture": "#north", "cullface": "false" },
        "west":  { "uv": [ 12, 15, 12.5, 16 ], "texture": "#west", "cullface": "false" },
        "east":  { "uv": [ 12.5, 15, 12, 16 ], "texture": "#east", "cullface": "false" }
    }
},
{
    "from": [ 15, 1, 13.5 ],
    "to": [ 16, 1.5, 14 ],
    "faces": {
        "up":    { "uv": [ 15, 13.5, 16, 14 ], "texture": "#up", "cullface": "false" },
        "south": { "uv": [ 13, 14.5, 14, 15 ], "texture": "#south", "cullface": "false" },
        "east":  { "uv": [ 14, 14.5, 13.5, 15 ], "texture": "#east", "cullface": "false" }
    }
},
{
    "from": [ 6.5, 1, 7.5 ],
    "to": [ 7, 1.5, 8.5 ],
    "faces": {
        "down":  { "uv": [ 4.5, 11, 4, 10 ], "texture": "#texture" },
        "up":    { "uv": [ 6.5, 7.5, 7, 8.5 ], "texture": "#texture" },
        "south": { "uv": [ 3.5, 13.5, 4, 14 ], "texture": "#texture" },
        "east":  { "uv": [ 3, 13.5, 4, 14 ], "texture": "#texture" }
    }
},
{
    "from": [ 7, 1, 7.5 ],
    "to": [ 7.5, 1.5, 8 ],
    "faces": {
        "up":    { "uv": [ 6.5, 7.5, 7, 8.5 ], "texture": "#texture" },
        "south": { "uv": [ 3.5, 13.5, 4, 14 ], "texture": "#texture" },
        "east":  { "uv": [ 3, 13.5, 4, 14 ], "texture": "#texture" }
    }
},
{
    "from": [ 6, 1, 6 ],
    "to": [ 7, 1.5, 6.5 ],
    "faces": {
        "up":    { "uv": [ 4.5, 7.5, 5, 8.5 ], "texture": "#texture" },
        "north": { "uv": [ 3, 11.5, 3.5, 12 ], "texture": "#texture" },
        "west":  { "uv": [ 2, 13.5, 3, 14 ], "texture": "#texture" }
    }
},
{
    "from": [ 6.5, 1, 5.5 ],
    "to": [ 7, 1.5, 6 ],
    "faces": {
        "up":    { "uv": [ 4.5, 7.5, 5, 8.5 ], "texture": "#texture" },
        "north": { "uv": [ 3, 11.5, 3.5, 12 ], "texture": "#texture" },
        "west":  { "uv": [ 2, 13.5, 3, 14 ], "texture": "#texture" }
    }
},
{
    "from": [ 13, 1, 13 ],
    "to": [ 13.5, 1.5, 13.5 ],
    "faces": {
        "up":    { "uv": [ 6.5, 7.5, 7, 8.5 ], "texture": "#texture" },
        "north": { "uv": [ 4, 11.5, 4.5, 12 ], "texture": "#texture" },
        "west":  { "uv": [ 3, 13.5, 4, 14 ], "texture": "#texture" }
    }
},
{
    "from": [ 5.5, 1, 9 ],
    "to": [ 6, 1.5, 9.5 ],
    "faces": {
        "down":  { "uv": [ 4.5, 11, 4, 10 ], "texture": "#texture" },
        "up":    { "uv": [ 6.5, 7.5, 7, 8.5 ], "texture": "#texture" },
        "south": { "uv": [ 3.5, 13.5, 4, 14 ], "texture": "#texture" },
        "east":  { "uv": [ 3, 13.5, 4, 14 ], "texture": "#texture" }
    }
},
{
    "from": [ 14, 1, 14.5 ],
    "to": [ 14.5, 1.5, 15 ],
    "faces": {
        "up":    { "uv": [ 4.5, 7.5, 5, 8.5 ], "texture": "#texture" },
        "south": { "uv": [ 2.5, 13.5, 3, 14 ], "texture": "#texture" },
        "east":  { "uv": [ 2, 13.5, 3, 14 ], "texture": "#texture" }
    }
},
{
    "from": [ 15, 0, 12.5 ],
    "to": [ 16, 1, 13.5 ],
    "faces": {
        "down":  { "uv": [ 15, 13.5, 16, 14.5 ], "texture": "#down", "cullface": "false" },
        "west":  { "uv": [ 11, 14, 12, 15 ], "texture": "#west", "cullface": "false" },
        "east":  { "uv": [ 11, 14, 12, 15 ], "texture": "#east", "cullface": "false" }
    }
}
]
}