{
"__comment": "3D Mesh designed with BDcraft Cubik - Version PRO 0.65 Beta",
"textures": {
    "particle": "blocks/trapdoor",
    "texture": "blocks/trapdoor"
},
"elements": [ 
{
    "from": [ 0, 13, 0 ],
    "to": [ 16, 16, 3 ],
    "faces": {
        "down":  { "uv": [ 0, 3, 16, 0 ], "texture": "#texture" },
        "up":    { "uv": [ 0, 0, 16, 3 ], "texture": "#texture", "cullface": "up" },
        "north": { "uv": [ 0, 13, 16, 16 ], "texture": "#texture", "cullface": "north" },
        "south": { "uv": [ 0, 13, 16, 16 ], "texture": "#texture" },
        "west":  { "uv": [ 0, 13, 3, 16 ], "texture": "#texture", "cullface": "west" },
        "east":  { "uv": [ 13, 13, 16, 16 ], "texture": "#texture", "cullface": "east" }
    }
},
{
    "from": [ 0, 13, 13 ],
    "to": [ 16, 16, 16 ],
    "faces": {
        "down":  { "uv": [ 0, 16, 16, 13 ], "texture": "#texture" },
        "up":    { "uv": [ 0, 13, 16, 16 ], "texture": "#texture", "cullface": "up" },
        "north": { "uv": [ 0, 13, 16, 16 ], "texture": "#texture" },
        "south": { "uv": [ 0, 13, 16, 16 ], "texture": "#texture", "cullface": "south" },
        "west":  { "uv": [ 13, 13, 16, 16 ], "texture": "#texture", "cullface": "west" },
        "east":  { "uv": [ 0, 13, 3, 16 ], "texture": "#texture", "cullface": "east" }
    }
},
{
    "from": [ 0, 13, 3 ],
    "to": [ 3, 16, 13 ],
    "faces": {
        "down":  { "uv": [ 0, 13, 3, 3 ], "texture": "#texture" },
        "up":    { "uv": [ 0, 3, 3, 13 ], "texture": "#texture", "cullface": "up" },
        "west":  { "uv": [ 3, 13, 13, 16 ], "texture": "#texture", "cullface": "west" },
        "east":  { "uv": [ 3, 13, 13, 16 ], "texture": "#texture" }
    }
},
{
    "from": [ 13, 13, 3 ],
    "to": [ 16, 16, 13 ],
    "faces": {
        "down":  { "uv": [ 13, 13, 16, 3 ], "texture": "#texture" },
        "up":    { "uv": [ 13, 3, 16, 13 ], "texture": "#texture", "cullface": "up" },
        "west":  { "uv": [ 3, 13, 13, 16 ], "texture": "#texture" },
        "east":  { "uv": [ 3, 13, 13, 16 ], "texture": "#texture", "cullface": "east" }
    }
},
{
    "from": [ 6, 13, 3 ],
    "to": [ 10, 16, 13 ],
    "faces": {
        "down":  { "uv": [ 6, 13, 10, 3 ], "texture": "#texture" },
        "up":    { "uv": [ 6, 3, 10, 13 ], "texture": "#texture", "cullface": "up" },
        "west":  { "uv": [ 3, 13, 13, 16 ], "texture": "#texture" },
        "east":  { "uv": [ 3, 13, 13, 16 ], "texture": "#texture" }
    }
},
{
    "from": [ 3, 13, 6 ],
    "to": [ 6, 16, 10 ],
    "faces": {
        "down":  { "uv": [ 3, 10, 6, 6 ], "texture": "#texture" },
        "up":    { "uv": [ 3, 6, 6, 10 ], "texture": "#texture", "cullface": "up" },
        "north": { "uv": [ 10, 13, 13, 16 ], "texture": "#texture" },
        "south": { "uv": [ 3, 13, 6, 16 ], "texture": "#texture" }
    }
},
{
    "from": [ 10, 13, 6 ],
    "to": [ 13, 16, 10 ],
    "faces": {
        "down":  { "uv": [ 10, 10, 13, 6 ], "texture": "#texture" },
        "up":    { "uv": [ 10, 6, 13, 10 ], "texture": "#texture", "cullface": "up" },
        "north": { "uv": [ 3, 13, 6, 16 ], "texture": "#texture" },
        "south": { "uv": [ 10, 13, 13, 16 ], "texture": "#texture" }
    }
}
]
}