{
"__comment": "Designed by Cookies160 with BDcraft Cubik PRO 0.87 Beta - http://bdcraft.net",
"ambientocclusion": false,
"textures": {
    "particle": "blocks/waterlily",
    "texture": "blocks/waterlily"
},
"elements": [ 
{
    "from": [ 2, -2, 5.5 ],
    "to": [ 14.5, -1, 9.5 ],
    "faces": {
        "down":  { "uv": [ 14.5, 9.5, 2, 5.5 ], "texture": "#texture", "tintindex": 0 },
        "up":    { "uv": [ 2, 5.5, 14.5, 9.5 ], "texture": "#texture", "tintindex": 0 },
        "north": { "uv": [ 2, 8.5, 2.5, 9.5 ], "texture": "#texture", "tintindex": 0 },
        "south": { "uv": [ 2, 8.5, 2.5, 9.5 ], "texture": "#texture", "tintindex": 0 },
        "west":  { "uv": [ 2, 8, 2.5, 9 ], "texture": "#texture", "tintindex": 0 },
        "east":  { "uv": [ 2, 8, 2.5, 9.5 ], "texture": "#texture", "tintindex": 0 }
    }
},
{
    "from": [ 2.5, -2, 9.5 ],
    "to": [ 14, -1, 11 ],
    "faces": {
        "down":  { "uv": [ 14, 11, 2.5, 9.5 ], "texture": "#texture", "tintindex": 0 },
        "up":    { "uv": [ 2.5, 9.5, 14, 11 ], "texture": "#texture", "tintindex": 0 },
        "south": { "uv": [ 2, 7.5, 2.5, 8.5 ], "texture": "#texture", "tintindex": 0 },
        "west":  { "uv": [ 2, 8.5, 2.5, 9.5 ], "texture": "#texture", "tintindex": 0 },
        "east":  { "uv": [ 2, 8, 2.5, 9 ], "texture": "#texture", "tintindex": 0 }
    }
},
{
    "from": [ 3, -2, 11 ],
    "to": [ 13.5, -1, 12 ],
    "faces": {
        "down":  { "uv": [ 13.5, 12, 3, 11 ], "texture": "#texture", "tintindex": 0 },
        "up":    { "uv": [ 3, 11, 13.5, 12 ], "texture": "#texture", "tintindex": 0 },
        "south": { "uv": [ 2, 7.5, 2.5, 8.5 ], "texture": "#texture", "tintindex": 0 },
        "west":  { "uv": [ 2, 8, 2.5, 9 ], "texture": "#texture", "tintindex": 0 },
        "east":  { "uv": [ 2, 7.5, 2.5, 8.5 ], "texture": "#texture", "tintindex": 0 }
    }
},
{
    "from": [ 3.5, -2, 12 ],
    "to": [ 13, -1, 12.5 ],
    "faces": {
        "down":  { "uv": [ 13, 12.5, 3.5, 12 ], "texture": "#texture", "tintindex": 0 },
        "up":    { "uv": [ 3.5, 12, 13, 12.5 ], "texture": "#texture", "tintindex": 0 },
        "south": { "uv": [ 2, 7.5, 2.5, 8.5 ], "texture": "#texture", "tintindex": 0 },
        "west":  { "uv": [ 2, 8.5, 2.5, 9.5 ], "texture": "#texture", "tintindex": 0 },
        "east":  { "uv": [ 2, 8, 2.5, 9 ], "texture": "#texture", "tintindex": 0 }
    }
},
{
    "from": [ 4, -2, 12.5 ],
    "to": [ 12.5, -1, 13 ],
    "faces": {
        "down":  { "uv": [ 12.5, 13, 4, 12.5 ], "texture": "#texture", "tintindex": 0 },
        "up":    { "uv": [ 4, 12.5, 12.5, 13 ], "texture": "#texture", "tintindex": 0 },
        "south": { "uv": [ 2, 7, 2.5, 8 ], "texture": "#texture", "tintindex": 0 },
        "west":  { "uv": [ 2, 8.5, 2.5, 9.5 ], "texture": "#texture", "tintindex": 0 },
        "east":  { "uv": [ 2, 7.5, 2.5, 8.5 ], "texture": "#texture", "tintindex": 0 }
    }
},
{
    "from": [ 4.5, -2, 13 ],
    "to": [ 12, -1, 13.5 ],
    "faces": {
        "down":  { "uv": [ 12, 13.5, 4.5, 13 ], "texture": "#texture", "tintindex": 0 },
        "up":    { "uv": [ 4.5, 13, 12, 13.5 ], "texture": "#texture", "tintindex": 0 },
        "south": { "uv": [ 2, 7.5, 2.5, 8.5 ], "texture": "#texture", "tintindex": 0 },
        "west":  { "uv": [ 2, 8, 2.5, 9 ], "texture": "#texture", "tintindex": 0 },
        "east":  { "uv": [ 2, 7, 2.5, 8 ], "texture": "#texture", "tintindex": 0 }
    }
},
{
    "from": [ 5.5, -2, 13.5 ],
    "to": [ 11, -1, 14 ],
    "faces": {
        "down":  { "uv": [ 11, 14, 5.5, 13.5 ], "texture": "#texture", "tintindex": 0 },
        "up":    { "uv": [ 5.5, 13.5, 11, 14 ], "texture": "#texture", "tintindex": 0 },
        "south": { "uv": [ 2, 8, 2.5, 9 ], "texture": "#texture", "tintindex": 0 },
        "west":  { "uv": [ 2, 8, 2.5, 9 ], "texture": "#texture", "tintindex": 0 },
        "east":  { "uv": [ 2, 7.5, 2.5, 8.5 ], "texture": "#texture", "tintindex": 0 }
    }
},
{
    "from": [ 7, -2, 14 ],
    "to": [ 9.5, -1, 14.5 ],
    "faces": {
        "down":  { "uv": [ 9.5, 14.5, 7, 14 ], "texture": "#texture", "tintindex": 0 },
        "up":    { "uv": [ 7, 14, 9.5, 14.5 ], "texture": "#texture", "tintindex": 0 },
        "south": { "uv": [ 2, 7.5, 2.5, 8.5 ], "texture": "#texture", "tintindex": 0 },
        "west":  { "uv": [ 2, 7.5, 2.5, 8.5 ], "texture": "#texture", "tintindex": 0 },
        "east":  { "uv": [ 2, 7.5, 2.5, 8.5 ], "texture": "#texture", "tintindex": 0 }
    }
},
{
    "from": [ 2.5, -2, 3.5 ],
    "to": [ 7.5, -1, 5.5 ],
    "faces": {
        "down":  { "uv": [ 14, 5.5, 9, 3.5 ], "texture": "#texture", "tintindex": 0 },
        "up":    { "uv": [ 2.5, 3.5, 7.5, 5.5 ], "texture": "#texture", "tintindex": 0 },
        "north": { "uv": [ 2, 8, 2.5, 9 ], "texture": "#texture", "tintindex": 0 },
        "west":  { "uv": [ 2, 8, 2.5, 9 ], "texture": "#texture", "tintindex": 0 },
        "east":  { "uv": [ 2, 7, 2.5, 8 ], "texture": "#texture", "tintindex": 0 }
    }
},
{
    "from": [ 9, -2, 3.5 ],
    "to": [ 14, -1, 5.5 ],
    "faces": {
        "down":  { "uv": [ 7.5, 5.5, 2.5, 3.5 ], "texture": "#texture", "tintindex": 0 },
        "up":    { "uv": [ 9, 3.5, 14, 5.5 ], "texture": "#texture", "tintindex": 0 },
        "north": { "uv": [ 2, 7.5, 2.5, 8.5 ], "texture": "#texture", "tintindex": 0 },
        "west":  { "uv": [ 2, 7.5, 2.5, 8.5 ], "texture": "#texture", "tintindex": 0 },
        "east":  { "uv": [ 2, 5, 2.5, 6 ], "texture": "#texture", "tintindex": 0 }
    }
},
{
    "from": [ 3, -2, 2.5 ],
    "to": [ 7, -1, 3.5 ],
    "faces": {
        "down":  { "uv": [ 13.5, 3.5, 9.5, 2.5 ], "texture": "#texture", "tintindex": 0 },
        "up":    { "uv": [ 3, 2.5, 7, 3.5 ], "texture": "#texture", "tintindex": 0 },
        "north": { "uv": [ 2, 6, 2.5, 7 ], "texture": "#texture", "tintindex": 0 },
        "west":  { "uv": [ 2, 8, 2.5, 9 ], "texture": "#texture", "tintindex": 0 },
        "east":  { "uv": [ 2, 6.5, 2.5, 7.5 ], "texture": "#texture", "tintindex": 0 }
    }
},
{
    "from": [ 9.5, -2, 2.5 ],
    "to": [ 13.5, -1, 3.5 ],
    "faces": {
        "down":  { "uv": [ 7, 3.5, 3, 2.5 ], "texture": "#texture", "tintindex": 0 },
        "up":    { "uv": [ 9.5, 2.5, 13.5, 3.5 ], "texture": "#texture", "tintindex": 0 },
        "north": { "uv": [ 2, 6.5, 2.5, 7.5 ], "texture": "#texture", "tintindex": 0 },
        "west":  { "uv": [ 2, 7.5, 2.5, 8.5 ], "texture": "#texture", "tintindex": 0 },
        "east":  { "uv": [ 2, 7.5, 2.5, 8.5 ], "texture": "#texture", "tintindex": 0 }
    }
},
{
    "from": [ 3.5, -2, 2 ],
    "to": [ 7, -1, 2.5 ],
    "faces": {
        "down":  { "uv": [ 13, 2.5, 9.5, 2 ], "texture": "#texture", "tintindex": 0 },
        "up":    { "uv": [ 3.5, 2, 7, 2.5 ], "texture": "#texture", "tintindex": 0 },
        "north": { "uv": [ 2, 8, 2.5, 9 ], "texture": "#texture", "tintindex": 0 },
        "west":  { "uv": [ 2, 7.5, 2.5, 8.5 ], "texture": "#texture", "tintindex": 0 },
        "east":  { "uv": [ 2, 7, 2.5, 8 ], "texture": "#texture", "tintindex": 0 }
    }
},
{
    "from": [ 9.5, -2, 2 ],
    "to": [ 13, -1, 2.5 ],
    "faces": {
        "down":  { "uv": [ 7, 2.5, 3.5, 2 ], "texture": "#texture", "tintindex": 0 },
        "up":    { "uv": [ 9.5, 2, 13, 2.5 ], "texture": "#texture", "tintindex": 0 },
        "north": { "uv": [ 2, 7.5, 2.5, 8.5 ], "texture": "#texture", "tintindex": 0 },
        "west":  { "uv": [ 2, 8, 2.5, 9 ], "texture": "#texture", "tintindex": 0 },
        "east":  { "uv": [ 2, 7.5, 2.5, 8.5 ], "texture": "#texture", "tintindex": 0 }
    }
},
{
    "from": [ 4, -2, 1.5 ],
    "to": [ 6.5, -1, 2 ],
    "faces": {
        "down":  { "uv": [ 12.5, 2, 10, 1.5 ], "texture": "#texture", "tintindex": 0 },
        "up":    { "uv": [ 4, 1.5, 6.5, 2 ], "texture": "#texture", "tintindex": 0 },
        "north": { "uv": [ 2, 7, 2.5, 8 ], "texture": "#texture", "tintindex": 0 },
        "west":  { "uv": [ 2, 7.5, 2.5, 8.5 ], "texture": "#texture", "tintindex": 0 },
        "east":  { "uv": [ 2, 7, 2.5, 8 ], "texture": "#texture", "tintindex": 0 }
    }
},
{
    "from": [ 10, -2, 1.5 ],
    "to": [ 12.5, -1, 2 ],
    "faces": {
        "down":  { "uv": [ 6.5, 2, 4, 1.5 ], "texture": "#texture", "tintindex": 0 },
        "up":    { "uv": [ 10, 1.5, 12.5, 2 ], "texture": "#texture", "tintindex": 0 },
        "north": { "uv": [ 2, 7, 2.5, 8 ], "texture": "#texture", "tintindex": 0 },
        "west":  { "uv": [ 2, 7.5, 2.5, 8.5 ], "texture": "#texture", "tintindex": 0 },
        "east":  { "uv": [ 2, 7, 2.5, 8 ], "texture": "#texture", "tintindex": 0 }
    }
},
{
    "from": [ 4.5, -2, 1 ],
    "to": [ 6, -1, 1.5 ],
    "faces": {
        "down":  { "uv": [ 12, 1.5, 10.5, 1 ], "texture": "#texture", "tintindex": 0 },
        "up":    { "uv": [ 4.5, 1, 6, 1.5 ], "texture": "#texture", "tintindex": 0 },
        "north": { "uv": [ 2, 7, 2.5, 8 ], "texture": "#texture", "tintindex": 0 },
        "west":  { "uv": [ 2, 7, 2.5, 8 ], "texture": "#texture", "tintindex": 0 },
        "east":  { "uv": [ 2, 6.5, 2.5, 7.5 ], "texture": "#texture", "tintindex": 0 }
    }
},
{
    "from": [ 10.5, -2, 1 ],
    "to": [ 12, -1, 1.5 ],
    "faces": {
        "down":  { "uv": [ 6, 1.5, 4.5, 1 ], "texture": "#texture", "tintindex": 0 },
        "up":    { "uv": [ 10.5, 1, 12, 1.5 ], "texture": "#texture", "tintindex": 0 },
        "north": { "uv": [ 2, 7, 2.5, 8 ], "texture": "#texture", "tintindex": 0 },
        "west":  { "uv": [ 2, 8, 2.5, 9 ], "texture": "#texture", "tintindex": 0 },
        "east":  { "uv": [ 2, 7, 2.5, 8 ], "texture": "#texture", "tintindex": 0 }
    }
},
{
    "from": [ 7.5, -2, 5 ],
    "to": [ 8, -1, 5.5 ],
    "faces": {
        "down":  { "uv": [ 8, 5.5, 7.5, 5 ], "texture": "#texture", "tintindex": 0 },
        "up":    { "uv": [ 7.5, 5, 8, 5.5 ], "texture": "#texture", "tintindex": 0 },
        "north": { "uv": [ 2, 7.5, 2.5, 8.5 ], "texture": "#texture", "tintindex": 0 },
        "east":  { "uv": [ 2, 7.5, 2.5, 8.5 ], "texture": "#texture", "tintindex": 0 }
    }
},
{
    "from": [ 8.5, -2, 5 ],
    "to": [ 9, -1, 5.5 ],
    "faces": {
        "down":  { "uv": [ 8, 5.5, 7.5, 5 ], "texture": "#texture", "tintindex": 0 },
        "up":    { "uv": [ 7.5, 5, 8, 5.5 ], "texture": "#texture", "tintindex": 0 },
        "north": { "uv": [ 2, 7.5, 2.5, 8.5 ], "texture": "#texture", "tintindex": 0 },
        "west":  { "uv": [ 2, 7, 2.5, 8 ], "texture": "#texture", "tintindex": 0 }
    }
},
{
    "from": [ 14, -2, 5 ],
    "to": [ 14.5, -1, 5.5 ],
    "faces": {
        "down":  { "uv": [ 8, 5.5, 7.5, 5 ], "texture": "#texture", "tintindex": 0 },
        "up":    { "uv": [ 7.5, 5, 8, 5.5 ], "texture": "#texture", "tintindex": 0 },
        "north": { "uv": [ 2, 7.5, 2.5, 8.5 ], "texture": "#texture", "tintindex": 0 },
        "west":  { "uv": [ 2, 7, 2.5, 8 ], "texture": "#texture", "tintindex": 0 }
    }
}
]
}