{
"__comment": "Fair warning, this format is highly likely to change even more in the future!",
"parent": "block/block_default",
"textures": {
    "particle": "blocks/dropper_front_horizontal",
    "down": "blocks/furnace_top",
    "up": "blocks/furnace_top",
    "north": "blocks/dropper_front_horizontal",
    "south": "blocks/furnace_side",
    "west": "blocks/furnace_side",
    "east": "blocks/furnace_side"
},
"elements": [ 
{
    "from": [ 5, 6.5, 0 ],
    "to": [ 11, 12, 1 ],
    "faces": {
        "down":  { "uv": [ 5, 0, 11, 1 ], "texture": "#down" },
        "north": { "uv": [ 11, 4, 5, 9.5 ], "texture": "#north", "cullface": "north" }
    }
},
{
    "from": [ 0, 0, 1 ],
    "to": [ 16, 16, 16 ],
    "faces": {
        "down":  { "uv": [ 0, 0, 16, 15 ], "texture": "#down", "cullface": "down" },
        "up":    { "uv": [ 0, 1, 16, 16 ], "texture": "#up", "cullface": "up" },
        "north": { "uv": [ 0, 0, 16, 16 ], "texture": "#north" },
        "south": { "uv": [ 0, 0, 16, 16 ], "texture": "#south", "cullface": "south" },
        "west":  { "uv": [ 1, 0, 16, 16 ], "texture": "#west", "cullface": "west" },
        "east":  { "uv": [ 0, 0, 15, 16 ], "texture": "#east", "cullface": "east" }
    }
},
{
    "from": [ 0, 12, 0 ],
    "to": [ 16, 16, 1 ],
    "faces": {
        "down":  { "uv": [ 0, 0, 16, 1 ], "texture": "#down" },
        "up":    { "uv": [ 0, 0, 16, 1 ], "texture": "#up", "cullface": "up" },
        "north": { "uv": [ 16, 0, 0, 4 ], "texture": "#north", "cullface": "north" },
        "west":  { "uv": [ 0, 0, 1, 4 ], "texture": "#west", "cullface": "west" },
        "east":  { "uv": [ 1, 0, 0, 4 ], "texture": "#east", "cullface": "east" }
    }
},
{
    "from": [ 0, 0, 0 ],
    "to": [ 5, 12, 1 ],
    "faces": {
        "down":  { "uv": [ 0, 0, 5, 1 ], "texture": "#down", "cullface": "down" },
        "north": { "uv": [ 5, 4, 0, 16 ], "texture": "#north", "cullface": "north" },
        "west":  { "uv": [ 0, 4, 1, 16 ], "texture": "#west", "cullface": "west" },
        "east":  { "uv": [ 1, 4, 0, 16 ], "texture": "#east" }
    }
},
{
    "from": [ 11, 0, 0 ],
    "to": [ 16, 12, 1 ],
    "faces": {
        "down":  { "uv": [ 11, 0, 16, 1 ], "texture": "#down", "cullface": "down" },
        "north": { "uv": [ 16, 4, 11, 16 ], "texture": "#north", "cullface": "north" },
        "west":  { "uv": [ 0, 4, 1, 16 ], "texture": "#west" },
        "east":  { "uv": [ 1, 4, 0, 16 ], "texture": "#east", "cullface": "east" }
    }
},
{
    "from": [ 5, 0, 0 ],
    "to": [ 11, 4, 1 ],
    "faces": {
        "down":  { "uv": [ 6, 0, 10, 1 ], "texture": "#down", "cullface": "down" },
        "up":    { "uv": [ 6, 0, 10, 1 ], "texture": "#up" },
        "north": { "uv": [ 10, 12, 6, 16 ], "texture": "#north", "cullface": "north" }
    }
},
{
    "from": [ 5, 5, 0 ],
    "to": [ 6, 5.5, 1 ],
    "faces": {
        "up":    { "uv": [ 5, 0, 6, 1 ], "texture": "#up" },
        "north": { "uv": [ 6, 10.5, 5, 11 ], "texture": "#north", "cullface": "north" },
        "east":  { "uv": [ 1, 10.5, 0, 11 ], "texture": "#east" }
    }
},
{
    "from": [ 5, 4.5, 0 ],
    "to": [ 6.5, 5, 1 ],
    "faces": {
        "up":    { "uv": [ 5, 0, 6.5, 1 ], "texture": "#up" },
        "north": { "uv": [ 6.5, 11, 5, 11.5 ], "texture": "#north", "cullface": "north" },
        "east":  { "uv": [ 1, 11, 0, 11.5 ], "texture": "#east" }
    }
},
{
    "from": [ 5, 5.5, 0 ],
    "to": [ 5.5, 6, 1 ],
    "faces": {
        "up":    { "uv": [ 5, 0, 5.5, 1 ], "texture": "#up" },
        "north": { "uv": [ 5.5, 10, 5, 10.5 ], "texture": "#north", "cullface": "north" },
        "east":  { "uv": [ 1, 10, 0, 10.5 ], "texture": "#east" }
    }
},
{
    "from": [ 9.5, 4.5, 0 ],
    "to": [ 11, 5, 1 ],
    "faces": {
        "up":    { "uv": [ 9.5, 0, 11, 1 ], "texture": "#up" },
        "north": { "uv": [ 11, 11, 9.5, 11.5 ], "texture": "#north", "cullface": "north" },
        "west":  { "uv": [ 0, 11, 1, 11.5 ], "texture": "#west" }
    }
},
{
    "from": [ 5, 4, 0 ],
    "to": [ 7, 4.5, 1 ],
    "faces": {
        "up":    { "uv": [ 5, 0, 7, 1 ], "texture": "#up" },
        "north": { "uv": [ 7, 11.5, 5, 12 ], "texture": "#north", "cullface": "north" },
        "east":  { "uv": [ 1, 11.5, 0, 12 ], "texture": "#east" }
    }
},
{
    "from": [ 9, 4, 0 ],
    "to": [ 11, 4.5, 1 ],
    "faces": {
        "up":    { "uv": [ 9, 0, 11, 1 ], "texture": "#up" },
        "north": { "uv": [ 11, 11.5, 9, 12 ], "texture": "#north", "cullface": "north" },
        "west":  { "uv": [ 0, 11.5, 1, 12 ], "texture": "#west" }
    }
},
{
    "from": [ 10, 5, 0 ],
    "to": [ 11, 5.5, 1 ],
    "faces": {
        "up":    { "uv": [ 10, 0, 11, 1 ], "texture": "#up" },
        "north": { "uv": [ 11, 10.5, 10, 11 ], "texture": "#north", "cullface": "north" },
        "west":  { "uv": [ 0, 10.5, 1, 11 ], "texture": "#west" }
    }
},
{
    "from": [ 10.5, 5.5, 0 ],
    "to": [ 11, 6, 1 ],
    "faces": {
        "up":    { "uv": [ 10.5, 0, 11, 1 ], "texture": "#up" },
        "north": { "uv": [ 11, 10, 10.5, 10.5 ], "texture": "#north", "cullface": "north" },
        "west":  { "uv": [ 0, 10, 1, 10.5 ], "texture": "#west" }
    }
}
],
    "display": {
        "gui": {
            "rotation": 	[ 30, 225, 0 ],
            "translation": 	[ 0, 0, 0],
            "scale":		[ 0.625, 0.625, 0.625 ]
        },
        "ground": {
            "rotation": 	[ 0, 0, 0 ],
            "translation": 	[ 0, 3, 0],
            "scale":		[ 0.25, 0.25, 0.25 ]
        },
        "fixed": {
            "rotation": 	[ 0, 0, 0 ],
            "translation": 	[ 0, 0, 0],
            "scale":		[ 0.5, 0.5, 0.5 ]
        },
        "thirdperson_righthand": {
            "rotation": 	[ 75, 45, 0 ],
            "translation": 	[ 0, 2.5, 0],
            "scale": 		[ 0.375, 0.375, 0.375 ]
        },
        "firstperson_righthand": {
            "rotation": 	[ 0, 45, 0 ],
            "translation":	[ 0, 0, 0 ],
            "scale": 		[ 0.40, 0.40, 0.40 ]
        },
        "firstperson_lefthand": {
            "rotation": 	[ 0, 225, 0 ],
            "translation": 	[ 0, 0, 0 ],
            "scale": 		[ 0.40, 0.40, 0.40 ]
        }
    }
}