{
"parent": "block/block_default",
"textures": {
    "particle": "blocks/furnace_front_off",
    "front": "blocks/furnace_front_off",
    "side": "blocks/furnace_side",
    "top": "blocks/furnace_top"
},
"elements": [ 
{
    "from": [ 3, 2.5, 0 ],
    "to": [ 3.5, 3.5, 1 ],
    "faces": {
        "down":  { "uv": [ 3, 0, 3.5, 1 ], "texture": "#top" },
        "north": { "uv": [ 3, 12.5, 3.5, 13.5 ], "texture": "#front", "cullface": "north" },
        "east":  { "uv": [ 0, 12.5, 1, 13.5 ], "texture": "#side" }
    }
},
{
    "from": [ 12.5, 2.5, 0 ],
    "to": [ 13, 3.5, 1 ],
    "faces": {
        "down":  { "uv": [ 12.5, 0, 13, 1 ], "texture": "#top" },
        "north": { "uv": [ 12.5, 12.5, 13, 13.5 ], "texture": "#front", "cullface": "north" },
        "west":  { "uv": [ 0, 12.5, 1, 13.5 ], "texture": "#side" }
    }
},
{
    "from": [ 4, 4, 0 ],
    "to": [ 5, 4.5, 1 ],
    "faces": {
        "down":  { "uv": [ 4, 0, 5, 1 ], "texture": "#top" },
        "north": { "uv": [ 4, 11.5, 5, 12 ], "texture": "#front", "cullface": "north" },
        "east":  { "uv": [ 0, 11.5, 1, 12 ], "texture": "#side" }
    }
},
{
    "from": [ 4, 4.5, 0 ],
    "to": [ 6, 5, 1 ],
    "faces": {
        "down":  { "uv": [ 4, 0, 6, 1 ], "texture": "#top" },
        "north": { "uv": [ 4, 11, 6, 11.5 ], "texture": "#front", "cullface": "north" },
        "east":  { "uv": [ 0, 11, 1, 11.5 ], "texture": "#side" }
    }
},
{
    "from": [ 11, 4, 0 ],
    "to": [ 12, 4.5, 1 ],
    "faces": {
        "down":  { "uv": [ 11, 0, 12, 1 ], "texture": "#top" },
        "north": { "uv": [ 11, 11.5, 12, 12 ], "texture": "#front", "cullface": "north" },
        "west":  { "uv": [ 0, 11.5, 1, 12 ], "texture": "#side" }
    }
},
{
    "from": [ 11.5, 11, 0 ],
    "to": [ 12, 12, 1 ],
    "faces": {
        "down":  { "uv": [ 11.5, 0, 12, 1 ], "texture": "#top" },
        "north": { "uv": [ 11.5, 4, 12, 5 ], "texture": "#front", "cullface": "north" },
        "west":  { "uv": [ 0, 4, 1, 5 ], "texture": "#side" }
    }
},
{
    "from": [ 11, 11.5, 0 ],
    "to": [ 11.5, 12, 1 ],
    "faces": {
        "down":  { "uv": [ 11, 0, 11.5, 1 ], "texture": "#top" },
        "north": { "uv": [ 11, 4, 11.5, 4.5 ], "texture": "#front", "cullface": "north" },
        "west":  { "uv": [ 0, 4, 1, 4.5 ], "texture": "#side" }
    }
},
{
    "from": [ 4.5, 11.5, 0 ],
    "to": [ 5, 12, 1 ],
    "faces": {
        "down":  { "uv": [ 4.5, 0, 5, 1 ], "texture": "#top" },
        "north": { "uv": [ 4.5, 4, 5, 4.5 ], "texture": "#front", "cullface": "north" },
        "east":  { "uv": [ 0, 4, 1, 4.5 ], "texture": "#side" }
    }
},
{
    "from": [ 4, 11, 0 ],
    "to": [ 4.5, 12, 1 ],
    "faces": {
        "down":  { "uv": [ 4, 0, 4.5, 1 ], "texture": "#top" },
        "north": { "uv": [ 4, 4, 4.5, 5 ], "texture": "#front", "cullface": "north" },
        "east":  { "uv": [ 0, 4, 1, 5 ], "texture": "#side" }
    }
},
{
    "from": [ 10, 4.5, 0 ],
    "to": [ 12, 5, 1 ],
    "faces": {
        "down":  { "uv": [ 10, 0, 12, 1 ], "texture": "#top" },
        "north": { "uv": [ 10, 11, 12, 11.5 ], "texture": "#front", "cullface": "north" },
        "west":  { "uv": [ 0, 11, 1, 11.5 ], "texture": "#side" }
    }
},
{
    "from": [ 12, 3.5, 0 ],
    "to": [ 13, 12, 1 ],
    "faces": {
        "down":  { "uv": [ 12, 0, 13, 1 ], "texture": "#top" },
        "north": { "uv": [ 12, 4, 13, 12.5 ], "texture": "#front", "cullface": "north" },
        "west":  { "uv": [ 0, 4, 1, 12.5 ], "texture": "#side" }
    }
},
{
    "from": [ 13, 0, 0 ],
    "to": [ 16, 12, 1 ],
    "faces": {
        "down":  { "uv": [ 13, 0, 16, 1 ], "texture": "#top", "cullface": "down" },
        "north": { "uv": [ 16, 4, 13, 16 ], "texture": "#front", "cullface": "north" },
        "west":  { "uv": [ 0, 4, 1, 16 ], "texture": "#side" },
        "east":  { "uv": [ 15, 4, 16, 16 ], "texture": "#side", "cullface": "east" }
    }
},
{
    "from": [ 0, 3.5, 0 ],
    "to": [ 4, 12, 1 ],
    "faces": {
        "down":  { "uv": [ 0, 0, 4, 1 ], "texture": "#top" },
        "north": { "uv": [ 4, 4, 0, 12.5 ], "texture": "#front", "cullface": "north" },
        "west":  { "uv": [ 0, 4, 1, 12.5 ], "texture": "#side", "cullface": "west" },
        "east":  { "uv": [ 0, 4, 1, 12.5 ], "texture": "#side" }
    }
},
{
    "from": [ 0, 0, 0 ],
    "to": [ 3, 3.5, 1 ],
    "faces": {
        "down":  { "uv": [ 0, 0, 3, 1 ], "texture": "#top", "cullface": "down" },
        "north": { "uv": [ 0, 12.5, 3, 16 ], "texture": "#front", "cullface": "north" },
        "west":  { "uv": [ 0, 12.5, 1, 16 ], "texture": "#side", "cullface": "west" },
        "east":  { "uv": [ 0, 12.5, 1, 16 ], "texture": "#side" }
    }
},
{
    "from": [ 4, 5, 0 ],
    "to": [ 12, 9, 1 ],
    "faces": {
        "down":  { "uv": [ 4, 0, 12, 1 ], "texture": "#top" },
        "up":    { "uv": [ 4, 0, 12, 1 ], "texture": "#top" },
        "north": { "uv": [ 4, 7, 12, 11 ], "texture": "#front", "cullface": "north" }
    }
},
{
    "from": [ 0, 12, 0 ],
    "to": [ 16, 16, 1 ],
    "faces": {
        "up":    { "uv": [ 0, 0, 16, 1 ], "texture": "#top", "cullface": "up" },
        "north": { "uv": [ 0, 0, 16, 4 ], "texture": "#front", "cullface": "north" },
        "west":  { "uv": [ 0, 0, 1, 4 ], "texture": "#side", "cullface": "west" },
        "east":  { "uv": [ 0, 0, 1, 4 ], "texture": "#side", "cullface": "east" }
    }
},
{
    "from": [ 0, 0, 1 ],
    "to": [ 16, 16, 16 ],
    "faces": {
        "down":  { "uv": [ 0, 1, 16, 16 ], "texture": "#top", "cullface": "down" },
        "up":    { "uv": [ 0, 1, 16, 16 ], "texture": "#top", "cullface": "up" },
        "north": { "uv": [ 0, 0, 16, 16 ], "texture": "#front" },
        "south": { "uv": [ 0, 0, 16, 16 ], "texture": "#side", "cullface": "south" },
        "west":  { "uv": [ 1, 0, 16, 16 ], "texture": "#side", "cullface": "west" },
        "east":  { "uv": [ 0, 0, 15, 16 ], "texture": "#side", "cullface": "east" }
    }
},
{
    "from": [ 3, 0, 0 ],
    "to": [ 13, 0.5, 1 ],
    "faces": {
        "down":  { "uv": [ 3, 0, 13, 1 ], "texture": "#top", "cullface": "down" },
        "up":    { "uv": [ 3, 0, 13, 1 ], "texture": "#top" },
        "north": { "uv": [ 3, 15.5, 13, 16 ], "texture": "#front", "cullface": "north" }
    }
}
],
    "display": {
        "gui": {
            "rotation": 	[ 30, 225, 0 ],
            "translation": 	[ 0, 0, 0],
            "scale":		[ 0.625, 0.625, 0.625 ]
        },
        "ground": {
            "rotation": 	[ 0, 0, 0 ],
            "translation": 	[ 0, 3, 0],
            "scale":		[ 0.25, 0.25, 0.25 ]
        },
        "fixed": {
            "rotation": 	[ 0, 0, 0 ],
            "translation": 	[ 0, 0, 0],
            "scale":		[ 0.5, 0.5, 0.5 ]
        },
        "thirdperson_righthand": {
            "rotation": 	[ 75, 45, 0 ],
            "translation": 	[ 0, 2.5, 0],
            "scale": 		[ 0.375, 0.375, 0.375 ]
        },
        "firstperson_righthand": {
            "rotation": 	[ 0, 45, 0 ],
            "translation":	[ 0, 0, 0 ],
            "scale": 		[ 0.40, 0.40, 0.40 ]
        },
        "firstperson_lefthand": {
            "rotation": 	[ 0, 225, 0 ],
            "translation": 	[ 0, 0, 0 ],
            "scale": 		[ 0.40, 0.40, 0.40 ]
        }
    }
}