{
"__comment": "3D Mesh designed with BDcraft Cubik - Version PRO 0.65 Beta",
"parent": "block/block_default",
"textures": {
    "particle": "blocks/iron_trapdoor",
    "texture": "blocks/iron_trapdoor"
},
"elements": [ 
{
    "from": [ 10, 0, 6 ],
    "to": [ 13, 3, 10 ],
    "faces": {
        "down":  { "uv": [ 10, 10, 13, 6 ], "texture": "#texture", "cullface": "down" },
        "up":    { "uv": [ 10, 6, 13, 10 ], "texture": "#texture" },
        "north": { "uv": [ 3, 13, 6, 16 ], "texture": "#texture" },
        "south": { "uv": [ 10, 13, 13, 16 ], "texture": "#texture" }
    }
},
{
    "from": [ 3, 0, 6 ],
    "to": [ 6, 3, 10 ],
    "faces": {
        "down":  { "uv": [ 3, 10, 6, 6 ], "texture": "#texture", "cullface": "down" },
        "up":    { "uv": [ 3, 6, 6, 10 ], "texture": "#texture" },
        "north": { "uv": [ 10, 13, 13, 16 ], "texture": "#texture" },
        "south": { "uv": [ 3, 13, 6, 16 ], "texture": "#texture" }
    }
},
{
    "from": [ 6, 0, 3 ],
    "to": [ 10, 3, 13 ],
    "faces": {
        "down":  { "uv": [ 6, 13, 10, 3 ], "texture": "#texture", "cullface": "down" },
        "up":    { "uv": [ 6, 3, 10, 13 ], "texture": "#texture" },
        "west":  { "uv": [ 3, 13, 13, 16 ], "texture": "#texture" },
        "east":  { "uv": [ 3, 13, 13, 16 ], "texture": "#texture" }
    }
},
{
    "from": [ 13, 0, 3 ],
    "to": [ 16, 3, 13 ],
    "faces": {
        "down":  { "uv": [ 13, 13, 16, 3 ], "texture": "#texture", "cullface": "down" },
        "up":    { "uv": [ 13, 3, 16, 13 ], "texture": "#texture" },
        "west":  { "uv": [ 3, 13, 13, 16 ], "texture": "#texture" },
        "east":  { "uv": [ 3, 13, 13, 16 ], "texture": "#texture", "cullface": "east" }
    }
},
{
    "from": [ 0, 0, 3 ],
    "to": [ 3, 3, 13 ],
    "faces": {
        "down":  { "uv": [ 0, 13, 3, 3 ], "texture": "#texture", "cullface": "down" },
        "up":    { "uv": [ 0, 3, 3, 13 ], "texture": "#texture" },
        "west":  { "uv": [ 3, 13, 13, 16 ], "texture": "#texture", "cullface": "west" },
        "east":  { "uv": [ 3, 13, 13, 16 ], "texture": "#texture" }
    }
},
{
    "from": [ 0, 0, 13 ],
    "to": [ 16, 3, 16 ],
    "faces": {
        "down":  { "uv": [ 0, 16, 16, 13 ], "texture": "#texture", "cullface": "down" },
        "up":    { "uv": [ 0, 13, 16, 16 ], "texture": "#texture" },
        "north": { "uv": [ 0, 13, 16, 16 ], "texture": "#texture" },
        "south": { "uv": [ 0, 13, 16, 16 ], "texture": "#texture", "cullface": "south" },
        "west":  { "uv": [ 13, 13, 16, 16 ], "texture": "#texture", "cullface": "west" },
        "east":  { "uv": [ 0, 13, 3, 16 ], "texture": "#texture", "cullface": "east" }
    }
},
{
    "from": [ 0, 0, 0 ],
    "to": [ 16, 3, 3 ],
    "faces": {
        "down":  { "uv": [ 0, 3, 16, 0 ], "texture": "#texture", "cullface": "down" },
        "up":    { "uv": [ 0, 0, 16, 3 ], "texture": "#texture" },
        "north": { "uv": [ 0, 13, 16, 16 ], "texture": "#texture", "cullface": "north" },
        "south": { "uv": [ 0, 13, 16, 16 ], "texture": "#texture" },
        "west":  { "uv": [ 0, 13, 3, 16 ], "texture": "#texture", "cullface": "west" },
        "east":  { "uv": [ 13, 13, 16, 16 ], "texture": "#texture", "cullface": "east" }
    }
}
],
    "display": {
        "gui": {
            "rotation": 	[ 30, 225, 0 ],
            "translation": 	[ 0, 1, 0],
            "scale":		[ 0.6, 0.6, 0.6 ]
        },
        "ground": {
            "rotation": 	[ 0, 0, 0 ],
            "translation": 	[ 0, 3, 0],
            "scale":		[ 0.25, 0.25, 0.25 ]
        },
        "fixed": {
            "rotation": 	[ 0, 0, 0 ],
            "translation": 	[ 0, 0, 0],
            "scale":		[ 0.5, 0.5, 0.5 ]
        },
        "thirdperson_righthand": {
            "rotation": 	[ 75, 45, 0 ],
            "translation": 	[ 0, 2.5, 0],
            "scale": 		[ 0.375, 0.375, 0.375 ]
        },
        "firstperson_righthand": {
            "rotation": 	[ 0, 45, 0 ],
            "translation":	[ 0, 3, 0 ],
            "scale": 		[ 0.40, 0.40, 0.40 ]
        },
        "firstperson_lefthand": {
            "rotation": 	[ 0, 225, 0 ],
            "translation": 	[ 0, 5, 0 ],
            "scale": 		[ 0.40, 0.40, 0.40 ]
        }
    }
}